lldq_imdb_review_438.txt,Neutral,2,Negative,1
lldq_imdb_review_410.txt,Negative,1,Negative,1,Neutral,2,Negative,1,Positive,3,Negative,1,Positive,3,Negative,1,Positive,3,Negative,1,Negative,1
lldq_imdb_review_376.txt,Verypositive,4,Verypositive,4
lldq_imdb_review_389.txt,Negative,1,Positive,3,Negative,1,Verypositive,4,Verypositive,4,Verynegative,0,Positive,3,Negative,1,Verypositive,4,Negative,1,Positive,3,Negative,1,Verypositive,4,Neutral,2,Negative,1,Positive,3,Negative,1,Negative,1,Positive,3,Verypositive,4,Negative,1
lldq_imdb_review_56.txt,Negative,1,Neutral,2,Negative,1
lldq_imdb_review_42.txt,Negative,1,Positive,3
lldq_imdb_review_148.txt,Neutral,2,Neutral,2,Neutral,2
lldq_imdb_review_606.txt,Neutral,2,Positive,3,Positive,3,Negative,1,Neutral,2,Negative,1,Positive,3,Neutral,2,Neutral,2,Negative,1,Neutral,2,Negative,1,Neutral,2,Neutral,2,Negative,1,Neutral,2,Positive,3,Verypositive,4,Positive,3
lldq_imdb_review_160.txt,Neutral,2,Positive,3,Negative,1
lldq_imdb_review_174.txt,Positive,3
lldq_imdb_review_612.txt,Negative,1,Negative,1,Neutral,2
lldq_imdb_review_95.txt,Negative,1,Positive,3,Negative,1,Negative,1,Negative,1
lldq_imdb_review_81.txt,Neutral,2,Negative,1,Neutral,2,Neutral,2,Negative,1,Positive,3,Negative,1,Positive,3,Negative,1,Positive,3,Positive,3,Neutral,2,Negative,1,Verynegative,0,Negative,1,Negative,1,Negative,1,Negative,1,Negative,1,Negative,1,Negative,1,Negative,1,Negative,1
lldq_imdb_review_558.txt,Verypositive,4,Neutral,2,Negative,1,Neutral,2
lldq_imdb_review_5.txt,Neutral,2,Negative,1,Negative,1,Verynegative,0,Verynegative,0,Positive,3,Negative,1,Negative,1,Negative,1,Negative,1,Negative,1,Negative,1,Negative,1,Negative,1,Negative,1,Negative,1,Negative,1,Negative,1,Negative,1,Negative,1
lldq_imdb_review_216.txt,Verypositive,4
lldq_imdb_review_570.txt,Verypositive,4,Verypositive,4,Verypositive,4,Verypositive,4,Verypositive,4
lldq_imdb_review_564.txt,Positive,3,Neutral,2
lldq_imdb_review_202.txt,Neutral,2
lldq_imdb_review_565.txt,Positive,3
lldq_imdb_review_203.txt,Positive,3,Positive,3,Positive,3,Negative,1,Positive,3,Neutral,2,Verypositive,4,Negative,1,Verypositive,4,Negative,1,Negative,1,Negative,1,Neutral,2,Positive,3,Negative,1,Positive,3,Positive,3,Negative,1,Verypositive,4
lldq_imdb_review_217.txt,Positive,3,Positive,3,Neutral,2
lldq_imdb_review_4.txt,Negative,1,Negative,1,Neutral,2,Negative,1,Negative,1,Negative,1,Negative,1,Negative,1,Negative,1,Neutral,2,Negative,1,Negative,1,Negative,1,Verynegative,0,Negative,1,Negative,1,Positive,3
lldq_imdb_review_559.txt,Negative,1,Verynegative,0,Negative,1,Verynegative,0,Negative,1,Verynegative,0,Negative,1,Negative,1,Negative,1,Verynegative,0,Negative,1,Negative,1,Negative,1,Neutral,2,Positive,3,Negative,1
lldq_imdb_review_80.txt,Verypositive,4,Positive,3
lldq_imdb_review_94.txt,Negative,1,Negative,1
lldq_imdb_review_175.txt,Negative,1
lldq_imdb_review_613.txt,Verypositive,4,Positive,3,Negative,1,Positive,3
lldq_imdb_review_607.txt,Positive,3
lldq_imdb_review_161.txt,Negative,1,Negative,1,Negative,1
lldq_imdb_review_149.txt,Negative,1,Neutral,2
lldq_imdb_review_43.txt,Negative,1,Positive,3,Negative,1,Neutral,2
lldq_imdb_review_57.txt,Positive,3,Neutral,2
lldq_imdb_review_388.txt,Positive,3,Negative,1,Negative,1
lldq_imdb_review_411.txt,Verypositive,4,Neutral,2,Verynegative,0,Negative,1,Negative,1
lldq_imdb_review_363.txt,Negative,1
lldq_imdb_review_405.txt,Negative,1,Negative,1,Negative,1
lldq_imdb_review_349.txt,Positive,3,Positive,3
lldq_imdb_review_375.txt,Verypositive,4,Neutral,2,Positive,3
lldq_imdb_review_407.txt,Positive,3,Positive,3,Neutral,2,Negative,1,Negative,1,Neutral,2,Neutral,2,Negative,1,Positive,3,Positive,3,Positive,3,Negative,1,Verynegative,0,Positive,3
lldq_imdb_review_361.txt,Positive,3,Negative,1
lldq_imdb_review_41.txt,Positive,3,Neutral,2,Verynegative,0,Negative,1,Neutral,2,Positive,3,Neutral,2,Negative,1
lldq_imdb_review_55.txt,Positive,3,Verynegative,0,Negative,1,Verynegative,0
lldq_imdb_review_639.txt,Positive,3,Neutral,2,Neutral,2,Negative,1,Negative,1,Positive,3,Positive,3,Verypositive,4
lldq_imdb_review_611.txt,Positive,3,Positive,3,Neutral,2,Neutral,2
lldq_imdb_review_177.txt,Negative,1,Positive,3,Positive,3,Positive,3,Negative,1,Positive,3,Negative,1,Neutral,2,Negative,1,Negative,1,Negative,1,Neutral,2,Neutral,2,Neutral,2,Positive,3,Negative,1
lldq_imdb_review_163.txt,Positive,3,Positive,3,Verypositive,4
lldq_imdb_review_69.txt,Positive,3,Negative,1,Positive,3,Negative,1
lldq_imdb_review_605.txt,Negative,1,Positive,3,Positive,3,Neutral,2,Positive,3,Neutral,2
lldq_imdb_review_82.txt,Negative,1,Negative,1,Negative,1,Neutral,2
lldq_imdb_review_188.txt,Positive,3,Negative,1,Negative,1,Positive,3,Negative,1
lldq_imdb_review_96.txt,Negative,1,Negative,1,Negative,1,Negative,1,Negative,1
lldq_imdb_review_229.txt,Positive,3,Neutral,2,Positive,3
lldq_imdb_review_201.txt,Verypositive,4,Positive,3,Positive,3,Verypositive,4
lldq_imdb_review_567.txt,Verynegative,0
lldq_imdb_review_573.txt,Negative,1,Neutral,2,Verypositive,4,Neutral,2,Verypositive,4,Positive,3,Negative,1,Neutral,2,Neutral,2
lldq_imdb_review_6.txt,Verynegative,0,Verynegative,0,Negative,1,Negative,1,Negative,1,Negative,1,Negative,1,Negative,1,Neutral,2
lldq_imdb_review_598.txt,Negative,1,Negative,1,Neutral,2,Negative,1,Neutral,2,Negative,1
lldq_imdb_review_599.txt,Positive,3,Neutral,2,Negative,1,Negative,1,Positive,3
lldq_imdb_review_572.txt,Positive,3,Negative,1,Positive,3,Positive,3,Positive,3,Neutral,2,Negative,1,Negative,1,Negative,1,Neutral,2
lldq_imdb_review_214.txt,Negative,1,Neutral,2,Positive,3,Neutral,2,Positive,3,Negative,1,Positive,3,Positive,3,Neutral,2,Negative,1,Negative,1,Negative,1,Negative,1,Neutral,2
lldq_imdb_review_7.txt,Negative,1,Positive,3,Neutral,2
lldq_imdb_review_200.txt,Neutral,2,Negative,1,Positive,3,Positive,3,Positive,3,Negative,1,Neutral,2
lldq_imdb_review_228.txt,Negative,1
lldq_imdb_review_97.txt,Verynegative,0,Negative,1
lldq_imdb_review_189.txt,Verypositive,4,Positive,3
lldq_imdb_review_83.txt,Negative,1,Negative,1,Negative,1,Positive,3,Negative,1,Negative,1,Positive,3,Neutral,2,Positive,3,Neutral,2,Neutral,2,Neutral,2
lldq_imdb_review_68.txt,Verynegative,0,Negative,1,Negative,1,Negative,1,Negative,1
lldq_imdb_review_162.txt,Positive,3,Negative,1,Negative,1,Negative,1,Negative,1,Neutral,2,Negative,1,Positive,3
lldq_imdb_review_604.txt,Negative,1,Neutral,2,Neutral,2,Negative,1,Negative,1
lldq_imdb_review_610.txt,Verypositive,4,Positive,3,Positive,3,Positive,3,Negative,1,Negative,1,Positive,3,Positive,3
lldq_imdb_review_176.txt,Negative,1,Negative,1,Negative,1,Negative,1,Negative,1,Positive,3,Positive,3,Verypositive,4,Neutral,2,Positive,3
lldq_imdb_review_638.txt,Positive,3,Negative,1,Negative,1,Positive,3,Negative,1,Negative,1,Negative,1,Negative,1,Negative,1,Positive,3
lldq_imdb_review_40.txt,Verypositive,4,Verypositive,4,Verypositive,4,Negative,1,Neutral,2
lldq_imdb_review_406.txt,Negative,1,Negative,1,Neutral,2,Negative,1,Positive,3
lldq_imdb_review_360.txt,Negative,1,Negative,1,Neutral,2,Negative,1
lldq_imdb_review_374.txt,Verypositive,4,Negative,1,Positive,3,Negative,1,Positive,3,Positive,3,Neutral,2,Positive,3
lldq_imdb_review_412.txt,Neutral,2,Neutral,2,Negative,1,Neutral,2,Negative,1,Verynegative,0,Negative,1
lldq_imdb_review_348.txt,Verynegative,0
lldq_imdb_review_416.txt,Positive,3,Neutral,2,Negative,1,Verynegative,0
lldq_imdb_review_364.txt,Positive,3,Negative,1
lldq_imdb_review_402.txt,Verypositive,4,Negative,1,Negative,1,Verynegative,0,Verypositive,4,Verypositive,4,Verypositive,4,Positive,3
lldq_imdb_review_358.txt,Negative,1,Negative,1,Neutral,2,Negative,1,Positive,3,Negative,1,Negative,1
lldq_imdb_review_78.txt,Negative,1,Positive,3,Negative,1,Positive,3,Positive,3,Negative,1,Negative,1,Negative,1
lldq_imdb_review_172.txt,Negative,1,Verypositive,4,Positive,3
lldq_imdb_review_600.txt,Negative,1,Positive,3,Negative,1,Negative,1,Verypositive,4
lldq_imdb_review_166.txt,Negative,1
lldq_imdb_review_44.txt,Negative,1,Negative,1,Positive,3,Positive,3,Positive,3,Positive,3,Verypositive,4
lldq_imdb_review_628.txt,Positive,3,Positive,3,Negative,1,Positive,3
lldq_imdb_review_50.txt,Negative,1,Negative,1
lldq_imdb_review_87.txt,Negative,1,Negative,1,Negative,1
lldq_imdb_review_199.txt,Positive,3,Neutral,2,Neutral,2,Negative,1,Negative,1,Negative,1,Positive,3,Neutral,2,Negative,1,Verynegative,0
lldq_imdb_review_93.txt,Negative,1,Positive,3
lldq_imdb_review_562.txt,Negative,1
lldq_imdb_review_204.txt,Negative,1,Negative,1,Neutral,2,Positive,3
lldq_imdb_review_3.txt,Negative,1,Negative,1,Negative,1,Verynegative,0,Negative,1,Negative,1,Positive,3,Negative,1,Negative,1,Negative,1,Positive,3,Negative,1
lldq_imdb_review_210.txt,Verynegative,0,Negative,1,Negative,1,Verypositive,4,Positive,3
lldq_imdb_review_576.txt,Neutral,2,Positive,3,Neutral,2,Neutral,2,Neutral,2,Positive,3,Neutral,2,Neutral,2,Positive,3,Negative,1,Neutral,2,Verypositive,4,Positive,3,Positive,3,Negative,1,Negative,1,Negative,1,Neutral,2,Positive,3,Neutral,2
lldq_imdb_review_238.txt,Positive,3
lldq_imdb_review_589.txt,Negative,1,Negative,1,Neutral,2,Negative,1,Neutral,2,Neutral,2,Verynegative,0,Neutral,2,Neutral,2,Neutral,2
lldq_imdb_review_588.txt,Neutral,2
lldq_imdb_review_239.txt,Neutral,2,Positive,3
lldq_imdb_review_211.txt,Neutral,2
lldq_imdb_review_2.txt,Neutral,2,Negative,1,Negative,1,Verypositive,4,Negative,1,Negative,1,Positive,3,Positive,3,Neutral,2,Negative,1,Negative,1
lldq_imdb_review_563.txt,Neutral,2,Neutral,2,Verypositive,4,Neutral,2
lldq_imdb_review_205.txt,Positive,3,Negative,1,Positive,3,Verypositive,4,Positive,3,Verynegative,0,Verypositive,4,Negative,1,Negative,1
lldq_imdb_review_92.txt,Negative,1
lldq_imdb_review_198.txt,Verypositive,4,Positive,3
lldq_imdb_review_86.txt,Neutral,2,Neutral,2,Negative,1,Neutral,2,Neutral,2,Neutral,2
lldq_imdb_review_51.txt,Negative,1,Negative,1,Negative,1,Neutral,2
lldq_imdb_review_629.txt,Positive,3,Verypositive,4,Negative,1,Positive,3,Negative,1,Verypositive,4
lldq_imdb_review_601.txt,Negative,1
lldq_imdb_review_167.txt,Neutral,2,Negative,1,Negative,1,Negative,1,Negative,1,Negative,1,Positive,3
lldq_imdb_review_173.txt,Negative,1
lldq_imdb_review_79.txt,Positive,3,Neutral,2
lldq_imdb_review_615.txt,Verypositive,4,Negative,1,Negative,1,Positive,3,Positive,3
lldq_imdb_review_359.txt,Verypositive,4,Positive,3
lldq_imdb_review_365.txt,Negative,1,Positive,3,Negative,1,Negative,1,Positive,3,Negative,1,Neutral,2,Neutral,2,Negative,1,Negative,1,Negative,1,Neutral,2,Positive,3,Negative,1,Positive,3,Neutral,2,Neutral,2,Verynegative,0,Verypositive,4,Positive,3,Negative,1,Positive,3,Negative,1
lldq_imdb_review_403.txt,Negative,1,Negative,1,Negative,1,Negative,1,Positive,3,Negative,1
lldq_imdb_review_417.txt,Negative,1,Positive,3,Neutral,2,Positive,3,Negative,1,Negative,1,Negative,1,Negative,1,Verynegative,0,Negative,1,Negative,1,Negative,1,Neutral,2,Negative,1,Neutral,2,Negative,1,Negative,1,Negative,1,Neutral,2,Verynegative,0
lldq_imdb_review_401.txt,Positive,3,Neutral,2,Positive,3,Neutral,2,Positive,3,Positive,3,Negative,1,Verypositive,4
lldq_imdb_review_373.txt,Positive,3,Neutral,2,Negative,1,Positive,3,Neutral,2,Positive,3
lldq_imdb_review_415.txt,Neutral,2,Negative,1,Negative,1,Neutral,2,Positive,3,Negative,1,Positive,3,Positive,3,Verypositive,4
lldq_imdb_review_429.txt,Neutral,2,Verypositive,4,Positive,3
lldq_imdb_review_398.txt,Negative,1,Verypositive,4,Positive,3,Verypositive,4,Positive,3,Negative,1,Negative,1,Negative,1,Negative,1,Negative,1,Negative,1,Negative,1,Negative,1,Positive,3,Neutral,2
lldq_imdb_review_165.txt,Negative,1,Negative,1,Verypositive,4,Positive,3,Negative,1,Negative,1,Negative,1
lldq_imdb_review_603.txt,Negative,1,Negative,1,Negative,1,Negative,1,Neutral,2,Positive,3,Negative,1,Negative,1,Positive,3
lldq_imdb_review_617.txt,Positive,3,Positive,3,Positive,3
lldq_imdb_review_171.txt,Negative,1,Negative,1,Negative,1,Positive,3,Positive,3,Neutral,2,Neutral,2
lldq_imdb_review_159.txt,Positive,3,Positive,3,Negative,1,Negative,1
lldq_imdb_review_53.txt,Positive,3,Negative,1,Neutral,2,Negative,1,Negative,1,Positive,3,Negative,1,Positive,3,Positive,3,Positive,3,Negative,1,Positive,3,Negative,1,Positive,3,Negative,1,Positive,3,Negative,1,Neutral,2,Neutral,2,Neutral,2,Neutral,2,Neutral,2,Positive,3,Neutral,2
lldq_imdb_review_47.txt,Negative,1,Negative,1
lldq_imdb_review_90.txt,Negative,1
lldq_imdb_review_84.txt,Positive,3
lldq_imdb_review_575.txt,Verypositive,4,Neutral,2,Negative,1,Neutral,2,Neutral,2,Neutral,2,Neutral,2,Neutral,2,Positive,3
lldq_imdb_review_0.txt,Negative,1,Positive,3,Neutral,2,Negative,1,Negative,1
lldq_imdb_review_213.txt,Positive,3,Positive,3
lldq_imdb_review_549.txt,Positive,3,Negative,1,Verypositive,4,Positive,3,Negative,1,Verypositive,4
lldq_imdb_review_548.txt,Negative,1
lldq_imdb_review_206.txt,Negative,1
lldq_imdb_review_574.txt,Positive,3
lldq_imdb_review_212.txt,Negative,1
lldq_imdb_review_1.txt,Negative,1,Neutral,2,Negative,1,Negative,1,Positive,3,Positive,3,Negative,1,Negative,1,Negative,1,Positive,3,Negative,1,Negative,1,Positive,3,Negative,1,Positive,3,Neutral,2,Positive,3,Neutral,2
lldq_imdb_review_85.txt,Negative,1,Negative,1,Verynegative,0,Neutral,2,Negative,1
lldq_imdb_review_46.txt,Negative,1,Negative,1,Verynegative,0,Positive,3,Neutral,2,Verynegative,0,Neutral,2
lldq_imdb_review_52.txt,Verynegative,0,Neutral,2,Positive,3,Negative,1,Positive,3,Negative,1,Negative,1,Negative,1,Negative,1
lldq_imdb_review_158.txt,Positive,3,Negative,1,Neutral,2
lldq_imdb_review_616.txt,Verynegative,0,Negative,1,Neutral,2,Negative,1,Negative,1,Negative,1
lldq_imdb_review_170.txt,Verypositive,4,Positive,3,Positive,3
lldq_imdb_review_164.txt,Negative,1,Verynegative,0,Neutral,2,Neutral,2,Negative,1,Negative,1,Neutral,2
lldq_imdb_review_602.txt,Positive,3
lldq_imdb_review_399.txt,Negative,1,Positive,3,Negative,1,Negative,1,Positive,3,Positive,3,Negative,1,Negative,1,Negative,1,Negative,1,Positive,3,Positive,3,Neutral,2
lldq_imdb_review_372.txt,Positive,3,Positive,3,Neutral,2,Negative,1,Negative,1,Negative,1,Negative,1,Neutral,2,Neutral,2,Negative,1
lldq_imdb_review_414.txt,Neutral,2,Neutral,2,Negative,1,Positive,3,Neutral,2,Positive,3,Positive,3,Negative,1,Positive,3,Verynegative,0,Negative,1,Negative,1,Verynegative,0,Negative,1,Negative,1,Verynegative,0,Positive,3,Neutral,2
lldq_imdb_review_400.txt,Negative,1
lldq_imdb_review_329.txt,Negative,1,Negative,1,Negative,1,Negative,1,Neutral,2,Positive,3,Negative,1,Negative,1,Negative,1,Negative,1,Negative,1,Negative,1,Negative,1
lldq_imdb_review_467.txt,Neutral,2,Neutral,2,Positive,3,Positive,3
lldq_imdb_review_315.txt,Positive,3,Neutral,2
lldq_imdb_review_473.txt,Positive,3,Neutral,2,Negative,1,Neutral,2,Positive,3,Positive,3
lldq_imdb_review_498.txt,Positive,3
lldq_imdb_review_35.txt,Negative,1,Negative,1,Negative,1,Negative,1,Negative,1,Negative,1,Negative,1,Negative,1,Negative,1,Negative,1
lldq_imdb_review_659.txt,Negative,1,Verynegative,0
lldq_imdb_review_103.txt,Positive,3,Verypositive,4,Neutral,2,Positive,3
lldq_imdb_review_665.txt,Negative,1,Negative,1,Negative,1,Positive,3
lldq_imdb_review_671.txt,Positive,3,Negative,1,Positive,3,Negative,1,Negative,1,Negative,1,Negative,1
lldq_imdb_review_117.txt,Negative,1,Negative,1,Positive,3,Negative,1,Positive,3,Positive,3,Positive,3,Negative,1,Negative,1,Negative,1,Positive,3,Negative,1,Negative,1,Positive,3,Negative,1,Negative,1,Negative,1,Positive,3,Negative,1,Positive,3,Positive,3,Positive,3,Neutral,2
lldq_imdb_review_249.txt,Neutral,2,Negative,1
lldq_imdb_review_513.txt,Positive,3,Verynegative,0,Positive,3,Positive,3,Neutral,2
lldq_imdb_review_275.txt,Positive,3,Negative,1,Positive,3,Negative,1,Positive,3,Negative,1,Negative,1,Positive,3
lldq_imdb_review_260.txt,Positive,3
lldq_imdb_review_512.txt,Negative,1,Negative,1,Verynegative,0,Positive,3,Positive,3,Neutral,2,Negative,1,Verypositive,4,Positive,3,Positive,3
lldq_imdb_review_274.txt,Verypositive,4,Neutral,2,Negative,1,Verypositive,4,Negative,1,Negative,1,Verynegative,0,Negative,1,Negative,1,Positive,3,Negative,1
lldq_imdb_review_670.txt,Positive,3,Positive,3,Negative,1,Negative,1,Verypositive,4,Positive,3,Neutral,2
lldq_imdb_review_102.txt,Negative,1,Positive,3,Neutral,2,Negative,1,Positive,3,Negative,1
lldq_imdb_review_664.txt,Neutral,2,Negative,1,Negative,1,Negative,1,Negative,1,Negative,1,Verynegative,0,Negative,1
lldq_imdb_review_20.txt,Neutral,2,Negative,1,Negative,1,Negative,1,Neutral,2,Neutral,2,Negative,1,Negative,1,Positive,3,Positive,3,Neutral,2
lldq_imdb_review_34.txt,Positive,3,Positive,3,Positive,3,Negative,1,Negative,1,Positive,3,Negative,1,Negative,1,Positive,3,Negative,1,Positive,3,Negative,1,Neutral,2,Negative,1,Neutral,2,Neutral,2
lldq_imdb_review_658.txt,Negative,1,Neutral,2,Negative,1,Negative,1,Neutral,2
lldq_imdb_review_499.txt,Negative,1,Negative,1,Negative,1,Negative,1,Negative,1,Positive,3,Verynegative,0,Negative,1,Positive,3,Positive,3,Positive,3
lldq_imdb_review_314.txt,Positive,3,Positive,3
lldq_imdb_review_472.txt,Neutral,2,Positive,3,Positive,3,Verypositive,4,Verynegative,0
lldq_imdb_review_466.txt,Negative,1,Negative,1,Positive,3,Positive,3,Positive,3,Positive,3,Neutral,2,Negative,1
lldq_imdb_review_300.txt,Negative,1,Negative,1,Negative,1,Negative,1,Verypositive,4
lldq_imdb_review_470.txt,Negative,1,Neutral,2,Positive,3
lldq_imdb_review_316.txt,Verypositive,4,Negative,1,Negative,1
lldq_imdb_review_302.txt,Positive,3,Positive,3,Positive,3,Positive,3,Negative,1,Negative,1
lldq_imdb_review_464.txt,Negative,1,Positive,3
lldq_imdb_review_128.txt,Negative,1,Neutral,2,Positive,3,Negative,1,Negative,1,Positive,3,Positive,3
lldq_imdb_review_22.txt,Negative,1,Positive,3,Verynegative,0,Negative,1
lldq_imdb_review_114.txt,Positive,3,Positive,3,Negative,1,Negative,1,Negative,1,Negative,1,Verypositive,4,Neutral,2
lldq_imdb_review_672.txt,Verypositive,4,Positive,3,Neutral,2,Neutral,2,Positive,3
lldq_imdb_review_666.txt,Negative,1,Positive,3,Negative,1,Negative,1,Negative,1,Negative,1,Negative,1,Positive,3
lldq_imdb_review_100.txt,Negative,1,Negative,1,Negative,1,Negative,1
lldq_imdb_review_538.txt,Negative,1,Negative,1,Neutral,2
lldq_imdb_review_262.txt,Positive,3,Negative,1
lldq_imdb_review_276.txt,Negative,1,Positive,3,Negative,1,Negative,1,Negative,1,Verynegative,0,Negative,1,Positive,3,Negative,1
lldq_imdb_review_510.txt,Positive,3,Positive,3
lldq_imdb_review_289.txt,Negative,1,Positive,3,Verypositive,4,Negative,1,Negative,1,Positive,3,Negative,1,Positive,3,Negative,1,Negative,1,Neutral,2,Positive,3,Negative,1
lldq_imdb_review_288.txt,Positive,3,Negative,1,Negative,1,Neutral,2,Positive,3,Positive,3,Positive,3,Negative,1,Negative,1,Negative,1,Verynegative,0,Negative,1,Negative,1,Negative,1,Negative,1,Neutral,2,Negative,1,Negative,1,Positive,3,Negative,1,Negative,1,Negative,1,Neutral,2,Neutral,2,Negative,1,Neutral,2
lldq_imdb_review_277.txt,Positive,3,Negative,1,Neutral,2,Positive,3,Negative,1,Negative,1,Negative,1,Positive,3,Negative,1,Negative,1,Negative,1,Negative,1,Neutral,2,Negative,1,Negative,1,Negative,1,Negative,1,Negative,1,Negative,1,Negative,1,Negative,1,Negative,1,Positive,3,Negative,1,Negative,1
lldq_imdb_review_511.txt,Neutral,2,Positive,3
lldq_imdb_review_505.txt,Neutral,2,Negative,1,Negative,1,Neutral,2
lldq_imdb_review_263.txt,Neutral,2,Negative,1,Neutral,2,Positive,3,Negative,1,Positive,3,Neutral,2,Negative,1,Negative,1,Positive,3,Negative,1,Neutral,2,Neutral,2,Negative,1,Negative,1,Neutral,2,Neutral,2,Neutral,2,Negative,1,Positive,3,Negative,1,Negative,1,Negative,1,Negative,1,Negative,1
lldq_imdb_review_539.txt,Negative,1,Negative,1,Negative,1
lldq_imdb_review_667.txt,Positive,3,Negative,1,Positive,3,Positive,3,Positive,3,Positive,3,Positive,3,Negative,1,Negative,1,Positive,3,Positive,3
lldq_imdb_review_115.txt,Negative,1,Positive,3,Negative,1,Positive,3,Negative,1,Positive,3,Verynegative,0,Neutral,2,Neutral,2
lldq_imdb_review_673.txt,Negative,1,Neutral,2,Negative,1,Negative,1,Negative,1
lldq_imdb_review_37.txt,Verynegative,0
lldq_imdb_review_23.txt,Neutral,2,Neutral,2,Verynegative,0,Neutral,2,Positive,3
lldq_imdb_review_129.txt,Positive,3,Positive,3
lldq_imdb_review_303.txt,Negative,1,Positive,3,Positive,3
lldq_imdb_review_465.txt,Negative,1,Neutral,2,Negative,1,Negative,1
lldq_imdb_review_471.txt,Positive,3,Positive,3,Negative,1,Negative,1,Negative,1
lldq_imdb_review_317.txt,Neutral,2
lldq_imdb_review_459.txt,Negative,1,Neutral,2,Negative,1,Negative,1,Negative,1,Negative,1,Positive,3,Verypositive,4,Neutral,2,Negative,1,Negative,1,Negative,1,Negative,1,Negative,1,Negative,1,Negative,1,Negative,1,Negative,1,Positive,3,Negative,1,Negative,1
lldq_imdb_review_313.txt,Negative,1,Neutral,2
lldq_imdb_review_475.txt,Neutral,2
lldq_imdb_review_461.txt,Negative,1,Negative,1
lldq_imdb_review_307.txt,Positive,3,Negative,1,Negative,1,Negative,1,Negative,1,Neutral,2,Positive,3,Positive,3,Negative,1,Positive,3,Neutral,2
lldq_imdb_review_449.txt,Verypositive,4
lldq_imdb_review_677.txt,Negative,1,Negative,1,Negative,1,Negative,1,Negative,1
lldq_imdb_review_105.txt,Verypositive,4,Negative,1,Negative,1,Negative,1,Negative,1,Negative,1
lldq_imdb_review_663.txt,Negative,1,Negative,1,Positive,3,Positive,3,Positive,3
lldq_imdb_review_27.txt,Positive,3,Negative,1,Negative,1,Negative,1,Negative,1
lldq_imdb_review_33.txt,Negative,1,Negative,1
lldq_imdb_review_139.txt,Positive,3,Negative,1,Neutral,2,Neutral,2,Negative,1,Negative,1,Positive,3,Positive,3,Negative,1,Negative,1,Neutral,2,Negative,1,Negative,1,Neutral,2,Negative,1,Negative,1,Negative,1,Negative,1,Negative,1,Negative,1,Neutral,2,Negative,1,Negative,1,Negative,1,Negative,1,Positive,3
lldq_imdb_review_688.txt,Negative,1,Negative,1,Negative,1,Positive,3,Neutral,2,Negative,1,Verypositive,4,Negative,1,Positive,3
lldq_imdb_review_501.txt,Neutral,2,Positive,3,Negative,1,Positive,3,Positive,3,Positive,3
lldq_imdb_review_515.txt,Positive,3,Negative,1,Negative,1,Positive,3,Positive,3,Neutral,2,Positive,3,Positive,3
lldq_imdb_review_273.txt,Neutral,2,Positive,3,Neutral,2,Positive,3,Positive,3,Negative,1,Negative,1,Neutral,2,Neutral,2,Negative,1,Positive,3,Positive,3,Positive,3,Negative,1,Negative,1,Negative,1,Negative,1,Neutral,2,Positive,3
lldq_imdb_review_529.txt,Positive,3,Positive,3,Positive,3,Negative,1,Negative,1,Verypositive,4,Positive,3
lldq_imdb_review_298.txt,Negative,1
lldq_imdb_review_299.txt,Positive,3
lldq_imdb_review_272.txt,Negative,1,Negative,1,Verynegative,0,Positive,3,Negative,1,Negative,1,Neutral,2,Negative,1,Negative,1,Neutral,2,Negative,1,Neutral,2,Neutral,2
lldq_imdb_review_266.txt,Negative,1,Negative,1,Negative,1,Negative,1,Negative,1,Negative,1,Verynegative,0,Verynegative,0,Negative,1,Positive,3,Negative,1,Positive,3,Negative,1,Positive,3
lldq_imdb_review_500.txt,Negative,1
lldq_imdb_review_138.txt,Neutral,2,Positive,3,Neutral,2,Positive,3,Positive,3
lldq_imdb_review_32.txt,Negative,1,Negative,1
lldq_imdb_review_26.txt,Negative,1,Neutral,2
lldq_imdb_review_104.txt,Negative,1,Negative,1
lldq_imdb_review_676.txt,Verynegative,0,Neutral,2,Negative,1
lldq_imdb_review_110.txt,Negative,1,Negative,1,Verynegative,0,Positive,3
lldq_imdb_review_448.txt,Verypositive,4
lldq_imdb_review_460.txt,Neutral,2,Neutral,2,Neutral,2,Neutral,2,Neutral,2
lldq_imdb_review_312.txt,Positive,3,Positive,3,Positive,3,Neutral,2,Neutral,2,Negative,1,Negative,1,Neutral,2,Positive,3,Positive,3,Positive,3,Negative,1,Neutral,2
lldq_imdb_review_474.txt,Positive,3
lldq_imdb_review_304.txt,Verypositive,4,Positive,3,Positive,3,Negative,1,Negative,1,Positive,3,Negative,1,Positive,3,Positive,3,Negative,1
lldq_imdb_review_462.txt,Neutral,2,Positive,3,Positive,3
lldq_imdb_review_476.txt,Negative,1,Neutral,2,Negative,1,Positive,3,Negative,1,Verypositive,4,Positive,3,Positive,3,Negative,1,Negative,1,Positive,3,Positive,3,Negative,1,Negative,1,Positive,3,Negative,1,Positive,3
lldq_imdb_review_310.txt,Positive,3
lldq_imdb_review_338.txt,Positive,3,Negative,1,Negative,1,Negative,1,Positive,3,Negative,1,Negative,1
lldq_imdb_review_489.txt,Positive,3,Positive,3,Negative,1,Neutral,2,Positive,3,Positive,3,Positive,3,Neutral,2
lldq_imdb_review_660.txt,Negative,1,Neutral,2,Negative,1,Neutral,2,Positive,3
lldq_imdb_review_106.txt,Positive,3,Positive,3,Positive,3,Negative,1,Negative,1
lldq_imdb_review_112.txt,Negative,1,Negative,1,Negative,1,Negative,1,Neutral,2,Negative,1,Neutral,2,Negative,1,Neutral,2,Negative,1,Positive,3,Negative,1,Negative,1,Verypositive,4,Neutral,2,Neutral,2,Neutral,2
lldq_imdb_review_18.txt,Verynegative,0
lldq_imdb_review_674.txt,Negative,1,Negative,1
lldq_imdb_review_30.txt,Positive,3,Positive,3,Negative,1,Negative,1
lldq_imdb_review_24.txt,Negative,1
lldq_imdb_review_648.txt,Negative,1,Negative,1,Negative,1,Negative,1,Neutral,2
lldq_imdb_review_270.txt,Negative,1,Negative,1,Negative,1
lldq_imdb_review_516.txt,Neutral,2,Positive,3
lldq_imdb_review_502.txt,Negative,1,Negative,1,Positive,3,Negative,1,Neutral,2,Positive,3,Positive,3,Negative,1,Neutral,2,Negative,1,Negative,1,Negative,1,Negative,1,Negative,1,Negative,1,Negative,1,Negative,1,Neutral,2,Negative,1,Neutral,2,Negative,1,Negative,1,Negative,1,Negative,1,Positive,3,Negative,1,Negative,1,Neutral,2,Neutral,2,Positive,3
lldq_imdb_review_258.txt,Neutral,2,Negative,1,Negative,1,Neutral,2,Positive,3,Negative,1,Negative,1
lldq_imdb_review_259.txt,Positive,3,Neutral,2,Neutral,2,Positive,3
lldq_imdb_review_503.txt,Positive,3,Positive,3
lldq_imdb_review_265.txt,Negative,1,Negative,1,Negative,1
lldq_imdb_review_271.txt,Neutral,2,Neutral,2,Positive,3,Neutral,2,Verynegative,0,Positive,3
lldq_imdb_review_25.txt,Negative,1,Verynegative,0
lldq_imdb_review_649.txt,Neutral,2,Neutral,2
lldq_imdb_review_31.txt,Positive,3,Negative,1,Neutral,2,Negative,1,Neutral,2,Positive,3,Neutral,2,Negative,1,Negative,1,Positive,3,Negative,1,Negative,1,Negative,1,Negative,1,Negative,1,Positive,3,Negative,1,Negative,1,Negative,1,Negative,1,Positive,3,Positive,3,Neutral,2,Negative,1,Neutral,2,Neutral,2,Neutral,2,Verynegative,0,Positive,3,Positive,3,Positive,3,Negative,1,Negative,1,Neutral,2,Neutral,2,Neutral,2,Negative,1,Negative,1
lldq_imdb_review_19.txt,Negative,1,Negative,1,Negative,1,Neutral,2
lldq_imdb_review_113.txt,Negative,1,Negative,1,Positive,3,Positive,3,Positive,3
lldq_imdb_review_675.txt,Positive,3,Negative,1,Negative,1,Negative,1,Neutral,2,Negative,1,Negative,1,Negative,1,Negative,1,Positive,3
lldq_imdb_review_661.txt,Negative,1,Negative,1,Negative,1,Negative,1,Verynegative,0,Verynegative,0
lldq_imdb_review_107.txt,Verypositive,4,Positive,3,Negative,1,Negative,1,Negative,1,Negative,1,Positive,3
lldq_imdb_review_488.txt,Verynegative,0,Positive,3,Positive,3,Negative,1
lldq_imdb_review_339.txt,Positive,3,Negative,1,Neutral,2,Negative,1,Neutral,2,Negative,1,Positive,3,Negative,1
lldq_imdb_review_477.txt,Verypositive,4
lldq_imdb_review_305.txt,Positive,3,Neutral,2,Negative,1
lldq_imdb_review_463.txt,Positive,3,Negative,1,Negative,1,Negative,1,Verynegative,0,Negative,1,Negative,1,Positive,3
lldq_imdb_review_308.txt,Neutral,2,Neutral,2
lldq_imdb_review_446.txt,Verypositive,4,Negative,1
lldq_imdb_review_334.txt,Positive,3,Negative,1,Negative,1,Verynegative,0
lldq_imdb_review_452.txt,Positive,3,Neutral,2,Negative,1
lldq_imdb_review_485.txt,Verypositive,4,Verypositive,4,Negative,1
lldq_imdb_review_491.txt,Positive,3,Negative,1,Verynegative,0,Negative,1
lldq_imdb_review_14.txt,Verypositive,4,Negative,1,Negative,1,Negative,1,Positive,3,Negative,1,Negative,1,Negative,1,Negative,1,Negative,1,Negative,1,Negative,1,Negative,1,Negative,1,Positive,3,Negative,1,Neutral,2,Negative,1
lldq_imdb_review_678.txt,Negative,1,Positive,3,Neutral,2,Verynegative,0,Neutral,2
lldq_imdb_review_28.txt,Positive,3,Neutral,2
lldq_imdb_review_122.txt,Positive,3,Positive,3
lldq_imdb_review_644.txt,Negative,1,Negative,1,Positive,3,Negative,1,Negative,1,Negative,1,Negative,1,Verynegative,0,Negative,1,Negative,1,Negative,1,Neutral,2,Positive,3,Positive,3,Positive,3,Negative,1,Neutral,2,Verynegative,0
lldq_imdb_review_650.txt,Positive,3,Neutral,2
lldq_imdb_review_136.txt,Verypositive,4,Positive,3
lldq_imdb_review_687.txt,Positive,3,Neutral,2,Neutral,2,Neutral,2,Negative,1,Negative,1,Negative,1,Negative,1,Negative,1,Negative,1,Neutral,2,Neutral,2,Neutral,2,Negative,1,Negative,1,Negative,1,Negative,1,Negative,1,Neutral,2,Negative,1,Neutral,2,Neutral,2,Neutral,2,Negative,1,Negative,1,Negative,1,Negative,1,Negative,1,Negative,1
lldq_imdb_review_693.txt,Positive,3,Negative,1,Verynegative,0,Negative,1,Positive,3,Negative,1,Negative,1,Positive,3
lldq_imdb_review_268.txt,Neutral,2,Neutral,2,Negative,1,Negative,1,Negative,1,Negative,1,Positive,3,Positive,3,Negative,1,Neutral,2,Positive,3,Negative,1,Negative,1,Negative,1,Neutral,2,Neutral,2,Neutral,2,Positive,3,Neutral,2,Positive,3,Negative,1,Negative,1,Negative,1,Negative,1,Negative,1,Neutral,2,Neutral,2
lldq_imdb_review_532.txt,Verynegative,0,Positive,3,Positive,3,Positive,3,Verypositive,4,Negative,1,Negative,1,Negative,1,Negative,1,Negative,1,Negative,1,Positive,3
lldq_imdb_review_254.txt,Verypositive,4,Negative,1,Verypositive,4
lldq_imdb_review_240.txt,Negative,1,Verynegative,0,Negative,1,Positive,3,Negative,1,Negative,1,Negative,1,Negative,1,Negative,1,Negative,1,Negative,1
lldq_imdb_review_526.txt,Positive,3
lldq_imdb_review_297.txt,Positive,3
lldq_imdb_review_283.txt,Verypositive,4,Positive,3
lldq_imdb_review_296.txt,Negative,1,Positive,3,Negative,1,Positive,3,Negative,1
lldq_imdb_review_241.txt,Negative,1,Neutral,2
lldq_imdb_review_527.txt,Negative,1,Neutral,2
lldq_imdb_review_255.txt,Verynegative,0,Positive,3,Negative,1,Negative,1,Negative,1,Verynegative,0,Verynegative,0,Negative,1,Neutral,2
lldq_imdb_review_269.txt,Neutral,2,Negative,1
lldq_imdb_review_692.txt,Verynegative,0
lldq_imdb_review_686.txt,Positive,3,Negative,1,Negative,1,Neutral,2
lldq_imdb_review_137.txt,Neutral,2,Neutral,2,Negative,1,Neutral,2,Negative,1,Negative,1,Negative,1,Negative,1,Positive,3,Positive,3
lldq_imdb_review_123.txt,Negative,1,Verynegative,0,Negative,1,Negative,1
lldq_imdb_review_29.txt,Positive,3,Negative,1,Positive,3,Negative,1,Negative,1,Positive,3,Negative,1,Verynegative,0
lldq_imdb_review_645.txt,Negative,1,Positive,3,Verynegative,0,Positive,3,Negative,1,Negative,1,Negative,1,Positive,3,Negative,1,Positive,3
lldq_imdb_review_15.txt,Negative,1,Verynegative,0,Negative,1,Positive,3
lldq_imdb_review_679.txt,Negative,1,Negative,1,Negative,1,Verynegative,0
lldq_imdb_review_490.txt,Verynegative,0,Positive,3
lldq_imdb_review_484.txt,Verypositive,4,Verypositive,4
lldq_imdb_review_335.txt,Positive,3,Verypositive,4,Positive,3,Negative,1,Positive,3
lldq_imdb_review_447.txt,Positive,3,Negative,1,Neutral,2
lldq_imdb_review_479.txt,Positive,3
lldq_imdb_review_451.txt,Verypositive,4
lldq_imdb_review_337.txt,Positive,3,Positive,3,Positive,3,Neutral,2
lldq_imdb_review_323.txt,Negative,1,Negative,1,Positive,3,Positive,3,Neutral,2
lldq_imdb_review_445.txt,Negative,1,Positive,3
lldq_imdb_review_492.txt,Positive,3,Positive,3,Positive,3,Negative,1,Negative,1,Verypositive,4
lldq_imdb_review_486.txt,Positive,3,Negative,1
lldq_imdb_review_109.txt,Negative,1,Negative,1,Negative,1,Positive,3,Neutral,2,Positive,3,Neutral,2,Negative,1,Negative,1
lldq_imdb_review_17.txt,Negative,1,Verynegative,0
lldq_imdb_review_135.txt,Neutral,2,Positive,3,Negative,1,Negative,1
lldq_imdb_review_653.txt,Negative,1,Negative,1,Negative,1,Negative,1,Verynegative,0,Negative,1,Positive,3,Positive,3,Negative,1,Negative,1
lldq_imdb_review_647.txt,Negative,1,Negative,1
lldq_imdb_review_121.txt,Negative,1,Negative,1,Positive,3,Negative,1,Verypositive,4,Negative,1,Negative,1,Negative,1,Negative,1,Positive,3,Positive,3
lldq_imdb_review_690.txt,Negative,1,Neutral,2,Negative,1,Neutral,2,Negative,1,Positive,3,Neutral,2,Positive,3,Positive,3,Negative,1,Negative,1,Verypositive,4,Negative,1,Negative,1,Positive,3,Positive,3,Neutral,2,Neutral,2
lldq_imdb_review_684.txt,Positive,3,Verynegative,0,Positive,3,Negative,1
lldq_imdb_review_519.txt,Negative,1
lldq_imdb_review_525.txt,Neutral,2,Neutral,2,Negative,1
lldq_imdb_review_243.txt,Negative,1,Neutral,2,Negative,1,Neutral,2,Positive,3,Neutral,2,Neutral,2,Neutral,2,Negative,1
lldq_imdb_review_257.txt,Positive,3,Negative,1,Negative,1,Negative,1,Verynegative,0
lldq_imdb_review_531.txt,Positive,3,Positive,3
lldq_imdb_review_280.txt,Negative,1,Neutral,2,Positive,3
lldq_imdb_review_294.txt,Negative,1,Negative,1,Negative,1,Verynegative,0
lldq_imdb_review_295.txt,Negative,1,Negative,1
lldq_imdb_review_281.txt,Verypositive,4,Positive,3
lldq_imdb_review_256.txt,Positive,3,Verynegative,0
lldq_imdb_review_530.txt,Verypositive,4,Verypositive,4,Neutral,2
lldq_imdb_review_524.txt,Negative,1,Negative,1,Neutral,2,Negative,1,Negative,1,Negative,1,Negative,1,Negative,1,Negative,1,Negative,1,Negative,1,Verypositive,4,Positive,3,Neutral,2,Verypositive,4,Negative,1,Positive,3,Positive,3
lldq_imdb_review_242.txt,Positive,3,Negative,1,Positive,3,Negative,1,Negative,1,Negative,1,Negative,1,Negative,1,Negative,1
lldq_imdb_review_518.txt,Negative,1,Negative,1,Positive,3
lldq_imdb_review_685.txt,Positive,3
lldq_imdb_review_691.txt,Negative,1,Negative,1,Negative,1,Negative,1,Negative,1,Negative,1,Negative,1,Negative,1
lldq_imdb_review_646.txt,Negative,1,Negative,1,Negative,1
lldq_imdb_review_120.txt,Verypositive,4,Negative,1,Positive,3,Verypositive,4,Positive,3
lldq_imdb_review_134.txt,Negative,1,Positive,3
lldq_imdb_review_652.txt,Verynegative,0,Negative,1,Positive,3
lldq_imdb_review_108.txt,Negative,1,Negative,1,Positive,3,Neutral,2,Negative,1,Negative,1,Positive,3,Positive,3,Neutral,2
lldq_imdb_review_487.txt,Positive,3
lldq_imdb_review_493.txt,Negative,1
lldq_imdb_review_322.txt,Negative,1,Negative,1,Negative,1,Negative,1,Neutral,2,Negative,1,Positive,3,Negative,1,Negative,1,Negative,1,Neutral,2,Positive,3
lldq_imdb_review_444.txt,Neutral,2,Positive,3,Positive,3,Neutral,2,Negative,1,Positive,3,Positive,3,Negative,1,Positive,3,Positive,3,Positive,3
lldq_imdb_review_450.txt,Verypositive,4,Verypositive,4,Positive,3
lldq_imdb_review_336.txt,Positive,3,Negative,1,Positive,3,Negative,1,Positive,3
lldq_imdb_review_478.txt,Verypositive,4,Positive,3
lldq_imdb_review_332.txt,Verypositive,4,Positive,3
lldq_imdb_review_326.txt,Negative,1
lldq_imdb_review_497.txt,Neutral,2,Neutral,2,Positive,3,Neutral,2
lldq_imdb_review_483.txt,Positive,3,Neutral,2,Positive,3,Verypositive,4
lldq_imdb_review_656.txt,Verynegative,0
lldq_imdb_review_130.txt,Positive,3,Neutral,2,Neutral,2,Negative,1,Negative,1,Positive,3,Negative,1,Negative,1,Negative,1,Positive,3,Neutral,2,Negative,1,Negative,1,Positive,3,Positive,3,Negative,1,Verypositive,4,Positive,3
lldq_imdb_review_642.txt,Positive,3,Verypositive,4
lldq_imdb_review_12.txt,Verynegative,0,Neutral,2,Negative,1,Negative,1
lldq_imdb_review_118.txt,Negative,1
lldq_imdb_review_695.txt,Positive,3,Neutral,2
lldq_imdb_review_681.txt,Neutral,2,Negative,1,Negative,1,Negative,1,Verynegative,0,Verynegative,0,Neutral,2,Negative,1,Negative,1,Negative,1
lldq_imdb_review_520.txt,Negative,1,Verynegative,0
lldq_imdb_review_534.txt,Verynegative,0,Verynegative,0
lldq_imdb_review_508.txt,Positive,3,Positive,3
lldq_imdb_review_285.txt,Positive,3,Negative,1,Positive,3,Negative,1,Positive,3,Negative,1,Negative,1,Positive,3,Neutral,2,Negative,1
lldq_imdb_review_291.txt,Negative,1,Negative,1,Negative,1,Positive,3,Positive,3,Positive,3,Neutral,2
lldq_imdb_review_290.txt,Positive,3
lldq_imdb_review_284.txt,Negative,1,Neutral,2,Negative,1,Negative,1,Negative,1
lldq_imdb_review_535.txt,Positive,3,Negative,1,Negative,1,Negative,1,Positive,3,Negative,1,Negative,1,Negative,1,Negative,1,Negative,1,Negative,1,Verynegative,0,Negative,1
lldq_imdb_review_253.txt,Negative,1,Verypositive,4,Negative,1,Positive,3,Positive,3,Negative,1,Negative,1,Verypositive,4,Neutral,2,Negative,1,Negative,1,Positive,3,Negative,1,Verypositive,4,Positive,3
lldq_imdb_review_247.txt,Verypositive,4,Negative,1,Negative,1,Negative,1,Negative,1,Negative,1
lldq_imdb_review_521.txt,Negative,1,Negative,1,Neutral,2,Neutral,2,Negative,1,Negative,1,Negative,1,Neutral,2,Negative,1
lldq_imdb_review_680.txt,Verynegative,0,Negative,1,Negative,1,Negative,1,Negative,1,Negative,1,Negative,1,Negative,1,Positive,3
lldq_imdb_review_694.txt,Verypositive,4,Positive,3,Positive,3,Negative,1,Verypositive,4,Positive,3,Verypositive,4,Negative,1,Negative,1,Negative,1,Negative,1,Negative,1,Verypositive,4
lldq_imdb_review_119.txt,Negative,1,Negative,1,Negative,1,Positive,3
lldq_imdb_review_13.txt,Positive,3,Verypositive,4,Neutral,2,Negative,1,Positive,3,Negative,1,Negative,1
lldq_imdb_review_125.txt,Negative,1,Negative,1,Negative,1,Negative,1
lldq_imdb_review_643.txt,Positive,3,Negative,1,Neutral,2
lldq_imdb_review_657.txt,Negative,1,Positive,3,Negative,1,Positive,3
lldq_imdb_review_482.txt,Neutral,2
lldq_imdb_review_496.txt,Positive,3,Verypositive,4,Positive,3,Negative,1,Verypositive,4
lldq_imdb_review_469.txt,Negative,1,Negative,1,Positive,3,Verypositive,4,Negative,1,Negative,1,Negative,1,Verypositive,4,Positive,3,Neutral,2,Positive,3,Neutral,2,Positive,3,Positive,3,Positive,3
lldq_imdb_review_327.txt,Negative,1,Neutral,2,Negative,1,Positive,3
lldq_imdb_review_333.txt,Positive,3,Positive,3
lldq_imdb_review_455.txt,Positive,3,Negative,1,Positive,3,Positive,3,Negative,1,Negative,1,Verypositive,4
lldq_imdb_review_325.txt,Verypositive,4,Positive,3,Negative,1,Neutral,2,Positive,3
lldq_imdb_review_443.txt,Verynegative,0,Negative,1,Negative,1
lldq_imdb_review_457.txt,Negative,1,Negative,1
lldq_imdb_review_331.txt,Negative,1,Negative,1,Neutral,2,Positive,3,Positive,3,Positive,3,Negative,1,Positive,3,Negative,1,Positive,3,Positive,3
lldq_imdb_review_319.txt,Verynegative,0,Verynegative,0,Neutral,2
lldq_imdb_review_480.txt,Positive,3,Verypositive,4,Neutral,2,Positive,3,Neutral,2,Positive,3
lldq_imdb_review_494.txt,Positive,3
lldq_imdb_review_641.txt,Negative,1,Neutral,2,Positive,3,Negative,1,Positive,3,Neutral,2,Positive,3,Negative,1,Positive,3,Positive,3,Negative,1,Negative,1,Negative,1,Positive,3,Negative,1,Negative,1,Verynegative,0,Negative,1,Positive,3,Verypositive,4,Negative,1,Negative,1,Negative,1,Negative,1,Negative,1,Neutral,2,Negative,1,Positive,3,Negative,1,Positive,3,Verynegative,0,Positive,3,Positive,3,Verypositive,4,Negative,1,Positive,3,Neutral,2,Negative,1,Negative,1,Positive,3,Negative,1,Positive,3,Negative,1,Negative,1,Positive,3,Negative,1,Positive,3,Negative,1,Neutral,2,Neutral,2,Positive,3,Negative,1,Verynegative,0,Positive,3,Negative,1,Positive,3,Negative,1,Negative,1,Positive,3,Positive,3,Positive,3,Positive,3,Negative,1,Neutral,2,Neutral,2,Neutral,2,Neutral,2,Neutral,2
lldq_imdb_review_127.txt,Negative,1,Neutral,2
lldq_imdb_review_133.txt,Positive,3,Negative,1,Positive,3,Positive,3
lldq_imdb_review_39.txt,Negative,1,Positive,3
lldq_imdb_review_655.txt,Positive,3
lldq_imdb_review_11.txt,Positive,3,Negative,1,Positive,3
lldq_imdb_review_669.txt,Verypositive,4,Positive,3,Verypositive,4,Negative,1,Negative,1,Negative,1
lldq_imdb_review_682.txt,Positive,3,Negative,1,Neutral,2,Negative,1,Negative,1,Neutral,2,Negative,1
lldq_imdb_review_251.txt,Positive,3,Neutral,2,Positive,3,Neutral,2,Neutral,2
lldq_imdb_review_537.txt,Negative,1,Negative,1,Neutral,2,Neutral,2,Neutral,2,Neutral,2,Negative,1,Negative,1,Negative,1,Negative,1,Negative,1,Neutral,2
lldq_imdb_review_523.txt,Negative,1,Positive,3,Positive,3,Negative,1
lldq_imdb_review_245.txt,Positive,3,Negative,1,Negative,1,Negative,1,Negative,1,Positive,3,Positive,3
lldq_imdb_review_279.txt,Positive,3,Neutral,2
lldq_imdb_review_292.txt,Negative,1,Neutral,2,Neutral,2,Positive,3,Neutral,2,Negative,1,Neutral,2,Verypositive,4,Verypositive,4,Positive,3,Positive,3,Positive,3,Neutral,2,Positive,3,Positive,3,Positive,3
lldq_imdb_review_286.txt,Neutral,2,Negative,1,Negative,1,Positive,3
lldq_imdb_review_287.txt,Neutral,2,Negative,1,Negative,1,Positive,3,Negative,1
lldq_imdb_review_293.txt,Negative,1,Positive,3
lldq_imdb_review_278.txt,Neutral,2,Negative,1,Verynegative,0,Negative,1,Positive,3,Negative,1,Negative,1
lldq_imdb_review_522.txt,Negative,1,Negative,1
lldq_imdb_review_250.txt,Positive,3,Neutral,2
lldq_imdb_review_536.txt,Positive,3,Negative,1,Neutral,2,Negative,1,Negative,1
lldq_imdb_review_683.txt,Verypositive,4,Positive,3,Neutral,2,Negative,1
lldq_imdb_review_668.txt,Negative,1,Positive,3,Positive,3,Positive,3
lldq_imdb_review_10.txt,Positive,3,Negative,1,Negative,1,Negative,1,Positive,3,Positive,3,Positive,3,Negative,1,Positive,3,Negative,1,Positive,3,Negative,1,Negative,1,Negative,1,Neutral,2
lldq_imdb_review_38.txt,Negative,1,Verynegative,0,Negative,1,Positive,3,Neutral,2,Negative,1
lldq_imdb_review_132.txt,Neutral,2,Negative,1,Neutral,2
lldq_imdb_review_654.txt,Negative,1,Negative,1,Negative,1,Negative,1,Negative,1,Neutral,2,Negative,1,Verynegative,0
lldq_imdb_review_640.txt,Positive,3,Negative,1,Neutral,2,Verypositive,4,Positive,3,Negative,1,Negative,1,Negative,1,Neutral,2,Positive,3,Neutral,2,Positive,3,Positive,3,Positive,3,Negative,1,Positive,3
lldq_imdb_review_126.txt,Negative,1
lldq_imdb_review_495.txt,Positive,3,Negative,1,Negative,1,Positive,3,Positive,3,Verypositive,4
lldq_imdb_review_481.txt,Positive,3,Neutral,2
lldq_imdb_review_318.txt,Positive,3,Positive,3
lldq_imdb_review_456.txt,Negative,1,Positive,3,Verypositive,4,Negative,1,Negative,1,Positive,3,Negative,1,Positive,3,Negative,1,Negative,1,Neutral,2,Positive,3,Negative,1
lldq_imdb_review_330.txt,Positive,3,Negative,1,Positive,3,Positive,3,Positive,3,Verynegative,0,Negative,1
lldq_imdb_review_324.txt,Positive,3,Negative,1,Positive,3,Positive,3,Verynegative,0,Negative,1,Negative,1,Negative,1,Negative,1,Negative,1,Negative,1,Neutral,2,Negative,1,Negative,1,Negative,1,Negative,1,Positive,3
lldq_imdb_review_419.txt,Negative,1,Positive,3,Negative,1,Neutral,2,Verynegative,0,Neutral,2,Neutral,2,Neutral,2,Neutral,2,Positive,3,Negative,1,Negative,1,Negative,1,Positive,3,Neutral,2,Positive,3,Negative,1,Positive,3,Verynegative,0,Negative,1,Neutral,2
lldq_imdb_review_343.txt,Negative,1,Negative,1,Verypositive,4,Positive,3
lldq_imdb_review_425.txt,Verypositive,4
lldq_imdb_review_431.txt,Positive,3,Neutral,2,Positive,3,Positive,3,Positive,3
lldq_imdb_review_357.txt,Positive,3
lldq_imdb_review_380.txt,Negative,1,Neutral,2
lldq_imdb_review_394.txt,Negative,1
lldq_imdb_review_77.txt,Positive,3,Positive,3,Neutral,2,Neutral,2,Negative,1,Negative,1,Negative,1,Negative,1,Negative,1,Positive,3,Negative,1
lldq_imdb_review_63.txt,Negative,1,Positive,3,Negative,1,Negative,1,Positive,3,Neutral,2
lldq_imdb_review_169.txt,Positive,3,Positive,3,Neutral,2,Neutral,2,Negative,1,Verynegative,0,Positive,3,Negative,1,Negative,1,Positive,3,Negative,1,Positive,3,Negative,1
lldq_imdb_review_627.txt,Negative,1
lldq_imdb_review_141.txt,Negative,1,Neutral,2,Negative,1,Neutral,2,Neutral,2,Negative,1,Neutral,2,Neutral,2,Neutral,2,Negative,1,Negative,1,Negative,1,Negative,1,Neutral,2,Negative,1,Negative,1,Neutral,2,Negative,1,Negative,1,Neutral,2,Neutral,2,Negative,1,Negative,1,Neutral,2,Negative,1,Positive,3,Negative,1,Neutral,2
lldq_imdb_review_633.txt,Negative,1,Negative,1,Neutral,2,Negative,1,Negative,1,Verynegative,0
lldq_imdb_review_182.txt,Neutral,2,Positive,3
lldq_imdb_review_88.txt,Negative,1,Positive,3,Negative,1,Negative,1,Neutral,2
lldq_imdb_review_196.txt,Positive,3,Neutral,2
lldq_imdb_review_579.txt,Negative,1
lldq_imdb_review_551.txt,Negative,1,Negative,1
lldq_imdb_review_545.txt,Verypositive,4,Neutral,2,Positive,3,Positive,3,Neutral,2,Neutral,2,Neutral,2
lldq_imdb_review_223.txt,Negative,1,Negative,1,Positive,3,Positive,3
lldq_imdb_review_586.txt,Neutral,2,Negative,1,Negative,1,Negative,1
lldq_imdb_review_587.txt,Verypositive,4,Neutral,2,Negative,1,Negative,1,Verynegative,0,Negative,1,Positive,3
lldq_imdb_review_593.txt,Positive,3
lldq_imdb_review_544.txt,Negative,1,Neutral,2,Negative,1,Negative,1,Negative,1
lldq_imdb_review_222.txt,Positive,3,Positive,3,Negative,1,Positive,3,Negative,1,Positive,3,Neutral,2,Neutral,2,Neutral,2,Negative,1,Positive,3
lldq_imdb_review_236.txt,Neutral,2,Neutral,2,Negative,1,Positive,3,Positive,3
lldq_imdb_review_550.txt,Negative,1,Positive,3
lldq_imdb_review_578.txt,Verynegative,0
lldq_imdb_review_197.txt,Neutral,2,Positive,3,Neutral,2
lldq_imdb_review_89.txt,Verynegative,0
lldq_imdb_review_183.txt,Negative,1,Negative,1,Negative,1
lldq_imdb_review_154.txt,Neutral,2,Negative,1,Neutral,2,Negative,1,Negative,1
lldq_imdb_review_632.txt,Neutral,2,Verynegative,0,Verynegative,0
lldq_imdb_review_626.txt,Negative,1,Negative,1,Negative,1,Positive,3,Negative,1,Negative,1,Negative,1,Negative,1
lldq_imdb_review_168.txt,Negative,1
lldq_imdb_review_62.txt,Negative,1
lldq_imdb_review_395.txt,Neutral,2,Neutral,2,Neutral,2,Positive,3,Positive,3,Positive,3
lldq_imdb_review_381.txt,Verypositive,4
lldq_imdb_review_356.txt,Negative,1,Neutral,2
lldq_imdb_review_424.txt,Positive,3,Positive,3
lldq_imdb_review_418.txt,Positive,3,Positive,3,Negative,1,Positive,3,Negative,1,Negative,1
lldq_imdb_review_368.txt,Verypositive,4,Negative,1,Negative,1,Positive,3,Verypositive,4,Positive,3,Neutral,2,Verypositive,4,Positive,3
lldq_imdb_review_354.txt,Positive,3,Positive,3,Negative,1,Positive,3,Positive,3,Verypositive,4,Negative,1,Positive,3,Negative,1,Negative,1,Negative,1,Negative,1,Neutral,2,Negative,1,Neutral,2,Neutral,2,Negative,1,Positive,3
lldq_imdb_review_432.txt,Positive,3
lldq_imdb_review_426.txt,Negative,1
lldq_imdb_review_383.txt,Positive,3
lldq_imdb_review_60.txt,Negative,1,Negative,1
lldq_imdb_review_74.txt,Negative,1,Neutral,2,Neutral,2
lldq_imdb_review_618.txt,Negative,1,Negative,1
lldq_imdb_review_630.txt,Positive,3,Positive,3,Neutral,2
lldq_imdb_review_142.txt,Neutral,2,Neutral,2,Neutral,2,Negative,1,Positive,3,Negative,1,Verypositive,4,Positive,3,Positive,3,Neutral,2,Negative,1,Negative,1,Positive,3,Negative,1,Negative,1,Negative,1
lldq_imdb_review_48.txt,Negative,1,Negative,1,Negative,1,Negative,1,Negative,1,Negative,1,Neutral,2,Negative,1,Negative,1,Negative,1,Negative,1,Neutral,2,Neutral,2,Negative,1,Negative,1,Positive,3
lldq_imdb_review_195.txt,Positive,3,Positive,3
lldq_imdb_review_181.txt,Negative,1,Negative,1
lldq_imdb_review_208.txt,Positive,3,Positive,3
lldq_imdb_review_220.txt,Neutral,2
lldq_imdb_review_552.txt,Positive,3,Negative,1,Negative,1,Positive,3
lldq_imdb_review_234.txt,Positive,3,Positive,3,Positive,3,Negative,1,Neutral,2
lldq_imdb_review_585.txt,Negative,1,Negative,1,Positive,3
lldq_imdb_review_591.txt,Positive,3,Neutral,2,Positive,3,Negative,1
lldq_imdb_review_590.txt,Positive,3,Negative,1,Negative,1
lldq_imdb_review_584.txt,Negative,1,Neutral,2,Neutral,2,Negative,1,Positive,3,Positive,3,Positive,3,Neutral,2
lldq_imdb_review_553.txt,Verypositive,4,Neutral,2
lldq_imdb_review_235.txt,Negative,1
lldq_imdb_review_221.txt,Neutral,2,Positive,3
lldq_imdb_review_209.txt,Positive,3,Neutral,2,Neutral,2,Negative,1,Neutral,2,Neutral,2,Neutral,2,Neutral,2,Neutral,2,Neutral,2,Neutral,2,Neutral,2,Neutral,2,Neutral,2,Positive,3,Neutral,2,Positive,3,Positive,3,Neutral,2,Neutral,2,Neutral,2,Neutral,2,Neutral,2,Negative,1,Neutral,2,Neutral,2,Positive,3,Neutral,2,Positive,3
lldq_imdb_review_180.txt,Neutral,2,Verypositive,4,Positive,3,Neutral,2,Negative,1
lldq_imdb_review_194.txt,Positive,3
lldq_imdb_review_49.txt,Neutral,2,Verypositive,4,Neutral,2
lldq_imdb_review_143.txt,Verynegative,0,Negative,1,Positive,3
lldq_imdb_review_625.txt,Neutral,2,Positive,3,Positive,3,Neutral,2,Neutral,2,Negative,1,Negative,1,Negative,1,Positive,3,Positive,3,Negative,1,Positive,3,Negative,1,Neutral,2,Neutral,2
lldq_imdb_review_631.txt,Negative,1,Negative,1,Neutral,2,Neutral,2,Neutral,2,Neutral,2
lldq_imdb_review_157.txt,Negative,1,Positive,3,Negative,1,Negative,1,Positive,3,Negative,1,Negative,1,Positive,3
lldq_imdb_review_396.txt,Negative,1,Positive,3,Positive,3,Negative,1
lldq_imdb_review_427.txt,Negative,1,Negative,1,Negative,1,Negative,1
lldq_imdb_review_341.txt,Positive,3,Positive,3
lldq_imdb_review_355.txt,Negative,1,Negative,1,Negative,1
lldq_imdb_review_433.txt,Neutral,2,Positive,3
lldq_imdb_review_437.txt,Neutral,2,Negative,1,Positive,3
lldq_imdb_review_351.txt,Positive,3,Verypositive,4
lldq_imdb_review_345.txt,Verynegative,0,Positive,3,Negative,1
lldq_imdb_review_423.txt,Verypositive,4,Verypositive,4,Verypositive,4
lldq_imdb_review_379.txt,Positive,3,Neutral,2,Negative,1,Neutral,2,Neutral,2
lldq_imdb_review_392.txt,Positive,3,Negative,1,Positive,3
lldq_imdb_review_386.txt,Neutral,2,Positive,3
lldq_imdb_review_59.txt,Positive,3,Negative,1
lldq_imdb_review_153.txt,Verypositive,4,Negative,1,Positive,3,Positive,3,Positive,3,Negative,1,Positive,3,Negative,1,Positive,3,Neutral,2,Negative,1,Positive,3,Positive,3,Neutral,2
lldq_imdb_review_635.txt,Verynegative,0,Negative,1
lldq_imdb_review_621.txt,Negative,1,Positive,3,Negative,1,Negative,1,Neutral,2,Negative,1,Negative,1,Neutral,2,Neutral,2,Negative,1,Negative,1,Neutral,2,Negative,1,Neutral,2,Negative,1,Negative,1,Negative,1,Negative,1,Negative,1,Negative,1,Negative,1,Negative,1,Negative,1,Negative,1,Negative,1,Positive,3,Positive,3,Negative,1,Negative,1,Negative,1,Negative,1,Negative,1,Negative,1,Negative,1,Positive,3,Positive,3,Negative,1,Negative,1,Negative,1
lldq_imdb_review_147.txt,Negative,1,Positive,3
lldq_imdb_review_65.txt,Negative,1,Neutral,2,Positive,3,Verynegative,0,Neutral,2,Negative,1,Negative,1,Negative,1,Positive,3
lldq_imdb_review_71.txt,Negative,1,Neutral,2,Neutral,2
lldq_imdb_review_190.txt,Negative,1,Negative,1,Positive,3,Positive,3
lldq_imdb_review_184.txt,Positive,3,Positive,3,Negative,1,Neutral,2,Negative,1,Positive,3,Positive,3,Neutral,2,Positive,3,Negative,1,Negative,1,Neutral,2
lldq_imdb_review_543.txt,Negative,1,Neutral,2,Positive,3,Negative,1,Negative,1,Verypositive,4,Negative,1,Negative,1,Positive,3,Positive,3,Negative,1,Neutral,2,Positive,3,Positive,3,Negative,1,Negative,1,Positive,3,Negative,1,Neutral,2,Neutral,2,Neutral,2,Positive,3,Negative,1,Positive,3,Negative,1
lldq_imdb_review_225.txt,Positive,3,Negative,1,Negative,1,Negative,1,Neutral,2,Positive,3
lldq_imdb_review_231.txt,Negative,1,Negative,1,Negative,1,Positive,3,Negative,1,Positive,3
lldq_imdb_review_219.txt,Neutral,2,Negative,1,Negative,1,Positive,3,Negative,1,Negative,1,Negative,1,Positive,3,Negative,1,Negative,1,Positive,3,Positive,3,Negative,1,Negative,1,Positive,3,Neutral,2,Neutral,2,Negative,1,Positive,3,Positive,3,Positive,3,Positive,3,Neutral,2
lldq_imdb_review_580.txt,Negative,1,Verypositive,4,Positive,3,Verypositive,4,Positive,3
lldq_imdb_review_594.txt,Negative,1,Neutral,2,Negative,1,Negative,1,Neutral,2,Neutral,2,Neutral,2
lldq_imdb_review_595.txt,Negative,1,Negative,1,Negative,1,Neutral,2,Negative,1,Negative,1,Neutral,2,Negative,1,Negative,1,Negative,1,Negative,1,Neutral,2,Negative,1,Neutral,2,Negative,1
lldq_imdb_review_581.txt,Negative,1,Negative,1,Neutral,2,Neutral,2,Negative,1,Negative,1,Negative,1,Positive,3,Positive,3,Negative,1,Positive,3,Neutral,2,Negative,1,Verypositive,4,Verypositive,4
lldq_imdb_review_218.txt,Positive,3,Negative,1,Negative,1
lldq_imdb_review_230.txt,Positive,3
lldq_imdb_review_556.txt,Negative,1,Neutral,2,Negative,1,Negative,1,Negative,1,Negative,1
lldq_imdb_review_542.txt,Positive,3,Negative,1,Negative,1,Negative,1,Positive,3,Negative,1,Positive,3,Neutral,2,Negative,1,Neutral,2,Negative,1,Positive,3,Negative,1,Neutral,2,Positive,3
lldq_imdb_review_224.txt,Positive,3,Positive,3,Negative,1,Negative,1,Positive,3,Positive,3
lldq_imdb_review_185.txt,Verynegative,0,Negative,1,Negative,1,Verynegative,0
lldq_imdb_review_191.txt,Negative,1,Negative,1,Verynegative,0,Positive,3,Neutral,2,Negative,1,Negative,1,Negative,1,Negative,1,Neutral,2,Negative,1,Negative,1,Negative,1,Negative,1,Negative,1,Negative,1,Negative,1,Negative,1,Negative,1,Negative,1,Negative,1,Negative,1,Neutral,2,Neutral,2,Negative,1,Negative,1,Negative,1,Positive,3
lldq_imdb_review_70.txt,Negative,1,Positive,3,Negative,1,Verypositive,4,Negative,1,Negative,1,Negative,1,Negative,1,Positive,3,Negative,1,Positive,3
lldq_imdb_review_64.txt,Positive,3,Negative,1,Neutral,2,Positive,3,Negative,1,Negative,1,Negative,1
lldq_imdb_review_608.txt,Verypositive,4
lldq_imdb_review_620.txt,Negative,1,Negative,1,Positive,3,Neutral,2,Verynegative,0,Verypositive,4,Positive,3
lldq_imdb_review_146.txt,Neutral,2
lldq_imdb_review_152.txt,Negative,1
lldq_imdb_review_58.txt,Negative,1,Negative,1,Negative,1
lldq_imdb_review_387.txt,Positive,3
lldq_imdb_review_393.txt,Negative,1
lldq_imdb_review_378.txt,Positive,3
lldq_imdb_review_344.txt,Positive,3,Negative,1
lldq_imdb_review_422.txt,Negative,1,Negative,1,Negative,1,Negative,1,Negative,1,Negative,1,Negative,1,Negative,1,Positive,3,Verynegative,0,Positive,3,Neutral,2,Negative,1,Negative,1,Positive,3,Neutral,2,Negative,1
lldq_imdb_review_436.txt,Positive,3,Positive,3
lldq_imdb_review_350.txt,Positive,3,Positive,3
lldq_imdb_review_420.txt,Negative,1,Negative,1
lldq_imdb_review_346.txt,Verynegative,0,Negative,1
lldq_imdb_review_352.txt,Positive,3,Negative,1
lldq_imdb_review_434.txt,Neutral,2,Neutral,2,Verypositive,4,Negative,1,Negative,1
lldq_imdb_review_391.txt,Positive,3,Negative,1
lldq_imdb_review_622.txt,Neutral,2,Positive,3,Negative,1,Negative,1,Negative,1,Negative,1,Positive,3,Positive,3,Negative,1,Neutral,2,Positive,3,Negative,1,Neutral,2,Neutral,2,Negative,1,Verynegative,0,Positive,3,Negative,1,Negative,1,Negative,1,Positive,3,Negative,1,Positive,3,Negative,1,Positive,3,Positive,3,Neutral,2,Negative,1,Negative,1,Neutral,2,Negative,1,Negative,1,Negative,1,Positive,3,Neutral,2,Neutral,2,Neutral,2
lldq_imdb_review_636.txt,Positive,3,Positive,3,Negative,1,Negative,1,Neutral,2
lldq_imdb_review_150.txt,Positive,3,Negative,1,Positive,3,Negative,1
lldq_imdb_review_178.txt,Neutral,2,Negative,1,Positive,3,Negative,1,Negative,1,Neutral,2,Positive,3,Positive,3,Positive,3,Neutral,2,Positive,3,Positive,3
lldq_imdb_review_72.txt,Negative,1,Negative,1,Negative,1,Negative,1
lldq_imdb_review_66.txt,Verypositive,4,Positive,3,Positive,3
lldq_imdb_review_187.txt,Positive,3,Positive,3,Positive,3
lldq_imdb_review_193.txt,Negative,1
lldq_imdb_review_554.txt,Positive,3,Negative,1,Positive,3,Negative,1,Positive,3,Negative,1,Negative,1
lldq_imdb_review_232.txt,Neutral,2,Positive,3,Negative,1,Negative,1,Negative,1,Positive,3,Negative,1,Positive,3
lldq_imdb_review_226.txt,Negative,1,Negative,1
lldq_imdb_review_540.txt,Negative,1,Negative,1,Verynegative,0,Negative,1,Neutral,2,Negative,1,Negative,1,Neutral,2,Negative,1,Neutral,2,Negative,1,Negative,1,Negative,1
lldq_imdb_review_568.txt,Positive,3,Positive,3,Neutral,2
lldq_imdb_review_9.txt,Positive,3,Negative,1,Negative,1
lldq_imdb_review_597.txt,Positive,3,Verynegative,0,Negative,1,Negative,1,Neutral,2,Negative,1,Negative,1,Negative,1,Positive,3,Negative,1,Negative,1,Neutral,2,Negative,1,Neutral,2,Neutral,2,Neutral,2,Negative,1,Negative,1
lldq_imdb_review_583.txt,Neutral,2,Verynegative,0,Negative,1
lldq_imdb_review_582.txt,Neutral,2,Positive,3,Neutral,2,Verypositive,4,Negative,1,Negative,1,Neutral,2,Negative,1,Neutral,2,Positive,3,Positive,3,Neutral,2,Negative,1,Negative,1,Positive,3,Positive,3,Neutral,2,Negative,1
lldq_imdb_review_596.txt,Neutral,2,Negative,1,Verynegative,0
lldq_imdb_review_8.txt,Neutral,2,Positive,3,Positive,3,Negative,1,Positive,3,Negative,1,Negative,1,Negative,1,Negative,1,Negative,1,Negative,1,Positive,3,Negative,1,Negative,1,Negative,1,Negative,1,Positive,3,Neutral,2
lldq_imdb_review_569.txt,Neutral,2,Positive,3,Positive,3,Positive,3
lldq_imdb_review_227.txt,Negative,1,Positive,3
lldq_imdb_review_541.txt,Negative,1,Negative,1,Negative,1,Positive,3,Negative,1,Positive,3
lldq_imdb_review_555.txt,Negative,1,Positive,3,Positive,3
lldq_imdb_review_233.txt,Negative,1,Negative,1,Negative,1,Neutral,2,Neutral,2,Positive,3,Neutral,2,Negative,1,Negative,1,Negative,1,Negative,1,Negative,1,Positive,3,Positive,3
lldq_imdb_review_192.txt,Negative,1,Verynegative,0,Negative,1,Negative,1,Negative,1,Verynegative,0,Verynegative,0,Verynegative,0,Neutral,2
lldq_imdb_review_98.txt,Neutral,2,Negative,1,Negative,1
lldq_imdb_review_186.txt,Positive,3
lldq_imdb_review_73.txt,Negative,1,Positive,3,Positive,3,Negative,1,Negative,1
lldq_imdb_review_179.txt,Negative,1,Positive,3,Neutral,2,Neutral,2,Neutral,2,Positive,3,Negative,1,Negative,1,Negative,1,Negative,1,Negative,1,Negative,1,Negative,1,Negative,1,Neutral,2,Neutral,2,Neutral,2,Positive,3,Negative,1
lldq_imdb_review_637.txt,Negative,1,Verynegative,0,Negative,1,Verynegative,0,Negative,1,Verypositive,4
lldq_imdb_review_151.txt,Positive,3,Negative,1
lldq_imdb_review_145.txt,Positive,3,Positive,3,Neutral,2,Positive,3,Positive,3,Positive,3
lldq_imdb_review_623.txt,Verynegative,0,Neutral,2,Negative,1,Negative,1
lldq_imdb_review_390.txt,Neutral,2
lldq_imdb_review_384.txt,Negative,1,Neutral,2,Positive,3,Neutral,2,Negative,1,Negative,1
lldq_imdb_review_409.txt,Positive,3,Positive,3,Neutral,2,Negative,1,Neutral,2,Negative,1,Negative,1,Negative,1,Negative,1,Verynegative,0,Positive,3,Negative,1,Positive,3
lldq_imdb_review_435.txt,Positive,3,Neutral,2,Positive,3
lldq_imdb_review_421.txt,Verynegative,0,Neutral,2,Negative,1,Positive,3,Negative,1,Verynegative,0
