lldq_youtube_review_253.txt,Neutral,2
lldq_youtube_review_535.txt,Neutral,2
lldq_youtube_review_521.txt,Negative,1
lldq_youtube_review_247.txt,Negative,1
lldq_youtube_review_509.txt,Positive,3,Negative,1,Neutral,2
lldq_youtube_review_290.txt,Neutral,2
lldq_youtube_review_284.txt,Positive,3,Positive,3,Neutral,2
lldq_youtube_review_737.txt,Negative,1
lldq_youtube_review_723.txt,Neutral,2
lldq_youtube_review_938.txt,Negative,1
lldq_youtube_review_910.txt,Neutral,2,Neutral,2
lldq_youtube_review_904.txt,Negative,1,Neutral,2,Neutral,2,Negative,1,Negative,1
lldq_youtube_review_643.txt,Negative,1,Neutral,2
lldq_youtube_review_125.txt,Positive,3
lldq_youtube_review_131.txt,Negative,1
lldq_youtube_review_657.txt,Negative,1
lldq_youtube_review_119.txt,Negative,1
lldq_youtube_review_91.txt,Positive,3
lldq_youtube_review_85.txt,Positive,3
lldq_youtube_review_680.txt,Neutral,2
lldq_youtube_review_858.txt,Negative,1,Neutral,2,Positive,3,Negative,1,Neutral,2
lldq_youtube_review_694.txt,Positive,3,Negative,1
lldq_youtube_review_864.txt,Negative,1,Positive,3
lldq_youtube_review_52.txt,Positive,3,Positive,3,Positive,3
lldq_youtube_review_46.txt,Verypositive,4
lldq_youtube_review_870.txt,Negative,1,Negative,1
lldq_youtube_review_327.txt,Positive,3,Positive,3
lldq_youtube_review_441.txt,Positive,3,Positive,3
lldq_youtube_review_455.txt,Negative,1,Negative,1,Neutral,2
lldq_youtube_review_333.txt,Verypositive,4
lldq_youtube_review_469.txt,Positive,3,Positive,3
lldq_youtube_review_482.txt,Neutral,2,Neutral,2
lldq_youtube_review_496.txt,Neutral,2,Neutral,2,Neutral,2,Neutral,2,Neutral,2,Neutral,2
lldq_youtube_review_497.txt,Neutral,2
lldq_youtube_review_483.txt,Neutral,2,Neutral,2
lldq_youtube_review_468.txt,Positive,3
lldq_youtube_review_454.txt,Negative,1
lldq_youtube_review_332.txt,Positive,3,Negative,1
lldq_youtube_review_326.txt,Neutral,2
lldq_youtube_review_440.txt,Neutral,2,Neutral,2,Neutral,2,Neutral,2,Positive,3
lldq_youtube_review_47.txt,Neutral,2
lldq_youtube_review_871.txt,Neutral,2,Verypositive,4,Negative,1,Neutral,2
lldq_youtube_review_865.txt,Negative,1
lldq_youtube_review_53.txt,Positive,3,Neutral,2
lldq_youtube_review_695.txt,Neutral,2
lldq_youtube_review_859.txt,Negative,1
lldq_youtube_review_681.txt,Positive,3
lldq_youtube_review_84.txt,Positive,3,Neutral,2
lldq_youtube_review_90.txt,Neutral,2,Neutral,2,Neutral,2,Positive,3
lldq_youtube_review_118.txt,Positive,3,Positive,3,Negative,1
lldq_youtube_review_130.txt,Negative,1,Negative,1,Neutral,2,Neutral,2,Neutral,2
lldq_youtube_review_656.txt,Positive,3
lldq_youtube_review_642.txt,Neutral,2
lldq_youtube_review_124.txt,Neutral,2
lldq_youtube_review_905.txt,Negative,1,Neutral,2,Positive,3,Neutral,2,Positive,3
lldq_youtube_review_911.txt,Negative,1
lldq_youtube_review_939.txt,Neutral,2
lldq_youtube_review_722.txt,Neutral,2,Neutral,2
lldq_youtube_review_736.txt,Neutral,2,Negative,1,Neutral,2
lldq_youtube_review_285.txt,Negative,1,Neutral,2
lldq_youtube_review_291.txt,Positive,3
lldq_youtube_review_508.txt,Positive,3
lldq_youtube_review_520.txt,Negative,1,Neutral,2,Positive,3
lldq_youtube_review_246.txt,Positive,3
lldq_youtube_review_252.txt,Positive,3
lldq_youtube_review_534.txt,Positive,3,Negative,1,Neutral,2,Negative,1,Negative,1
lldq_youtube_review_244.txt,Neutral,2,Neutral,2,Neutral,2
lldq_youtube_review_522.txt,Positive,3
lldq_youtube_review_536.txt,Positive,3,Negative,1,Negative,1,Neutral,2,Negative,1,Negative,1
lldq_youtube_review_250.txt,Negative,1,Neutral,2
lldq_youtube_review_278.txt,Neutral,2,Positive,3
lldq_youtube_review_287.txt,Positive,3
lldq_youtube_review_293.txt,Neutral,2
lldq_youtube_review_720.txt,Negative,1,Negative,1,Verypositive,4,Neutral,2,Neutral,2
lldq_youtube_review_734.txt,Positive,3
lldq_youtube_review_708.txt,Positive,3
lldq_youtube_review_907.txt,Negative,1
lldq_youtube_review_913.txt,Negative,1,Positive,3,Verypositive,4,Negative,1,Positive,3,Negative,1,Positive,3,Positive,3,Neutral,2
lldq_youtube_review_654.txt,Positive,3
lldq_youtube_review_132.txt,Neutral,2
lldq_youtube_review_126.txt,Positive,3
lldq_youtube_review_898.txt,Negative,1,Neutral,2,Neutral,2
lldq_youtube_review_640.txt,Negative,1,Neutral,2,Positive,3,Positive,3
lldq_youtube_review_668.txt,Neutral,2,Neutral,2,Neutral,2,Negative,1
lldq_youtube_review_86.txt,Neutral,2
lldq_youtube_review_92.txt,Negative,1
lldq_youtube_review_697.txt,Positive,3,Positive,3,Negative,1,Neutral,2,Negative,1,Negative,1
lldq_youtube_review_79.txt,Negative,1
lldq_youtube_review_683.txt,Neutral,2
lldq_youtube_review_873.txt,Neutral,2,Neutral,2,Negative,1,Neutral,2,Positive,3,Positive,3,Neutral,2,Negative,1,Neutral,2,Negative,1,Negative,1,Negative,1,Positive,3
lldq_youtube_review_45.txt,Positive,3
lldq_youtube_review_51.txt,Neutral,2,Neutral,2
lldq_youtube_review_867.txt,Positive,3,Negative,1
lldq_youtube_review_330.txt,Positive,3
lldq_youtube_review_456.txt,Negative,1,Neutral,2
lldq_youtube_review_442.txt,Neutral,2,Neutral,2
lldq_youtube_review_324.txt,Negative,1
lldq_youtube_review_318.txt,Positive,3,Neutral,2
lldq_youtube_review_495.txt,Positive,3,Neutral,2
lldq_youtube_review_481.txt,Negative,1,Neutral,2
lldq_youtube_review_480.txt,Neutral,2
lldq_youtube_review_494.txt,Neutral,2
lldq_youtube_review_319.txt,Positive,3
lldq_youtube_review_443.txt,Negative,1
lldq_youtube_review_325.txt,Negative,1,Neutral,2
lldq_youtube_review_331.txt,Positive,3
lldq_youtube_review_457.txt,Neutral,2
lldq_youtube_review_50.txt,Neutral,2
lldq_youtube_review_866.txt,Negative,1,Negative,1,Verynegative,0,Negative,1,Neutral,2,Negative,1
lldq_youtube_review_872.txt,Neutral,2,Neutral,2,Negative,1,Neutral,2,Neutral,2
lldq_youtube_review_44.txt,Negative,1,Neutral,2,Negative,1
lldq_youtube_review_682.txt,Neutral,2
lldq_youtube_review_696.txt,Positive,3
lldq_youtube_review_78.txt,Neutral,2
lldq_youtube_review_93.txt,Neutral,2,Neutral,2
lldq_youtube_review_669.txt,Neutral,2
lldq_youtube_review_87.txt,Positive,3,Neutral,2
lldq_youtube_review_127.txt,Neutral,2,Neutral,2,Neutral,2,Neutral,2,Neutral,2,Neutral,2,Neutral,2,Neutral,2,Neutral,2
lldq_youtube_review_641.txt,Neutral,2
lldq_youtube_review_899.txt,Neutral,2,Negative,1,Negative,1
lldq_youtube_review_655.txt,Neutral,2
lldq_youtube_review_133.txt,Neutral,2,Neutral,2,Positive,3
lldq_youtube_review_912.txt,Negative,1,Negative,1,Negative,1,Negative,1,Neutral,2
lldq_youtube_review_906.txt,Neutral,2,Neutral,2,Neutral,2,Neutral,2
lldq_youtube_review_709.txt,Neutral,2,Positive,3
lldq_youtube_review_735.txt,Neutral,2
lldq_youtube_review_721.txt,Neutral,2
lldq_youtube_review_292.txt,Neutral,2
lldq_youtube_review_286.txt,Positive,3
lldq_youtube_review_279.txt,Negative,1
lldq_youtube_review_537.txt,Neutral,2,Negative,1
lldq_youtube_review_251.txt,Positive,3,Positive,3,Neutral,2
lldq_youtube_review_245.txt,Positive,3
lldq_youtube_review_523.txt,Verypositive,4
lldq_youtube_review_269.txt,Positive,3
lldq_youtube_review_527.txt,Positive,3
lldq_youtube_review_241.txt,Negative,1
lldq_youtube_review_255.txt,Negative,1,Negative,1
lldq_youtube_review_533.txt,Verypositive,4
lldq_youtube_review_282.txt,Positive,3,Positive,3
lldq_youtube_review_296.txt,Neutral,2
lldq_youtube_review_719.txt,Neutral,2
lldq_youtube_review_725.txt,Positive,3
lldq_youtube_review_731.txt,Negative,1,Positive,3
lldq_youtube_review_902.txt,Negative,1
lldq_youtube_review_916.txt,Neutral,2,Negative,1,Negative,1,Positive,3
lldq_youtube_review_83.txt,Positive,3,Neutral,2
lldq_youtube_review_679.txt,Verypositive,4,Negative,1,Negative,1,Positive,3,Positive,3,Positive,3
lldq_youtube_review_97.txt,Positive,3
lldq_youtube_review_137.txt,Neutral,2,Neutral,2,Positive,3
lldq_youtube_review_889.txt,Neutral,2
lldq_youtube_review_651.txt,Positive,3
lldq_youtube_review_645.txt,Positive,3
lldq_youtube_review_123.txt,Negative,1,Positive,3
lldq_youtube_review_40.txt,Negative,1,Negative,1
lldq_youtube_review_876.txt,Neutral,2,Neutral,2
lldq_youtube_review_862.txt,Verynegative,0,Verynegative,0
lldq_youtube_review_54.txt,Verypositive,4
lldq_youtube_review_692.txt,Positive,3,Negative,1,Positive,3,Negative,1,Neutral,2,Neutral,2
lldq_youtube_review_686.txt,Neutral,2
lldq_youtube_review_68.txt,Negative,1
lldq_youtube_review_309.txt,Negative,1,Negative,1,Neutral,2
lldq_youtube_review_453.txt,Negative,1
lldq_youtube_review_335.txt,Positive,3
lldq_youtube_review_321.txt,Positive,3
lldq_youtube_review_447.txt,Positive,3
lldq_youtube_review_490.txt,Positive,3,Positive,3,Neutral,2
lldq_youtube_review_484.txt,Negative,1
lldq_youtube_review_485.txt,Positive,3
lldq_youtube_review_491.txt,Neutral,2
lldq_youtube_review_320.txt,Neutral,2
lldq_youtube_review_446.txt,Neutral,2
lldq_youtube_review_452.txt,Negative,1
lldq_youtube_review_334.txt,Negative,1,Negative,1
lldq_youtube_review_308.txt,Neutral,2,Positive,3,Neutral,2,Positive,3
lldq_youtube_review_687.txt,Positive,3,Negative,1
lldq_youtube_review_69.txt,Positive,3
lldq_youtube_review_693.txt,Neutral,2
lldq_youtube_review_863.txt,Positive,3
lldq_youtube_review_55.txt,Neutral,2
lldq_youtube_review_41.txt,Neutral,2,Positive,3,Neutral,2
lldq_youtube_review_877.txt,Negative,1,Negative,1,Negative,1,Negative,1,Negative,1,Neutral,2,Negative,1
lldq_youtube_review_644.txt,Negative,1,Neutral,2
lldq_youtube_review_122.txt,Negative,1
lldq_youtube_review_136.txt,Positive,3
lldq_youtube_review_650.txt,Negative,1,Positive,3,Neutral,2
lldq_youtube_review_888.txt,Positive,3
lldq_youtube_review_678.txt,Negative,1
lldq_youtube_review_96.txt,Positive,3,Negative,1,Neutral,2,Negative,1
lldq_youtube_review_82.txt,Positive,3
lldq_youtube_review_917.txt,Positive,3,Negative,1
lldq_youtube_review_903.txt,Negative,1,Negative,1,Neutral,2,Negative,1,Neutral,2,Neutral,2,Neutral,2
lldq_youtube_review_730.txt,Negative,1
lldq_youtube_review_724.txt,Neutral,2
lldq_youtube_review_718.txt,Neutral,2
lldq_youtube_review_297.txt,Neutral,2,Verypositive,4,Neutral,2,Positive,3,Neutral,2
lldq_youtube_review_283.txt,Negative,1
lldq_youtube_review_254.txt,Positive,3,Neutral,2,Neutral,2
lldq_youtube_review_532.txt,Positive,3,Neutral,2
lldq_youtube_review_526.txt,Positive,3
lldq_youtube_review_240.txt,Neutral,2,Neutral,2
lldq_youtube_review_268.txt,Verypositive,4
lldq_youtube_review_518.txt,Neutral,2,Neutral,2,Neutral,2
lldq_youtube_review_530.txt,Negative,1,Neutral,2
lldq_youtube_review_256.txt,Positive,3
lldq_youtube_review_242.txt,Positive,3
lldq_youtube_review_524.txt,Neutral,2
lldq_youtube_review_295.txt,Neutral,2
lldq_youtube_review_281.txt,Positive,3,Negative,1,Positive,3,Negative,1,Negative,1,Neutral,2
lldq_youtube_review_732.txt,Negative,1,Negative,1,Negative,1
lldq_youtube_review_726.txt,Neutral,2,Negative,1
lldq_youtube_review_915.txt,Neutral,2,Negative,1
lldq_youtube_review_901.txt,Positive,3,Negative,1,Negative,1,Positive,3,Negative,1,Negative,1,Negative,1,Neutral,2,Negative,1,Negative,1
lldq_youtube_review_929.txt,Neutral,2
lldq_youtube_review_94.txt,Negative,1
lldq_youtube_review_108.txt,Positive,3,Neutral,2,Positive,3,Negative,1
lldq_youtube_review_80.txt,Neutral,2
lldq_youtube_review_120.txt,Negative,1
lldq_youtube_review_646.txt,Neutral,2,Neutral,2,Neutral,2
lldq_youtube_review_652.txt,Negative,1
lldq_youtube_review_134.txt,Positive,3
lldq_youtube_review_57.txt,Verypositive,4,Positive,3
lldq_youtube_review_861.txt,Positive,3,Positive,3,Positive,3,Positive,3
lldq_youtube_review_875.txt,Negative,1,Positive,3
lldq_youtube_review_43.txt,Positive,3
lldq_youtube_review_685.txt,Positive,3
lldq_youtube_review_691.txt,Neutral,2,Neutral,2,Neutral,2,Negative,1,Neutral,2,Negative,1,Neutral,2,Neutral,2,Negative,1,Positive,3,Positive,3,Negative,1,Positive,3
lldq_youtube_review_849.txt,Negative,1,Neutral,2,Negative,1
lldq_youtube_review_478.txt,Positive,3
lldq_youtube_review_444.txt,Negative,1,Positive,3,Neutral,2
lldq_youtube_review_322.txt,Positive,3
lldq_youtube_review_336.txt,Positive,3
lldq_youtube_review_450.txt,Neutral,2
lldq_youtube_review_487.txt,Negative,1
lldq_youtube_review_493.txt,Neutral,2
lldq_youtube_review_492.txt,Positive,3,Negative,1,Positive,3
lldq_youtube_review_486.txt,Neutral,2
lldq_youtube_review_337.txt,Positive,3,Neutral,2
lldq_youtube_review_451.txt,Negative,1
lldq_youtube_review_445.txt,Neutral,2,Negative,1,Negative,1,Neutral,2,Neutral,2,Neutral,2,Positive,3,Neutral,2
lldq_youtube_review_323.txt,Neutral,2
lldq_youtube_review_479.txt,Negative,1
lldq_youtube_review_848.txt,Negative,1,Neutral,2
lldq_youtube_review_690.txt,Verynegative,0
lldq_youtube_review_684.txt,Neutral,2
lldq_youtube_review_874.txt,Positive,3,Verynegative,0,Neutral,2
lldq_youtube_review_42.txt,Negative,1,Neutral,2,Positive,3
lldq_youtube_review_56.txt,Neutral,2
lldq_youtube_review_860.txt,Neutral,2
lldq_youtube_review_653.txt,Neutral,2
lldq_youtube_review_135.txt,Neutral,2,Verypositive,4,Neutral,2,Neutral,2
lldq_youtube_review_121.txt,Neutral,2
lldq_youtube_review_647.txt,Positive,3,Positive,3
lldq_youtube_review_81.txt,Verypositive,4,Positive,3,Positive,3,Positive,3,Neutral,2
lldq_youtube_review_109.txt,Negative,1
lldq_youtube_review_95.txt,Positive,3
lldq_youtube_review_928.txt,Negative,1
lldq_youtube_review_900.txt,Negative,1,Negative,1,Positive,3,Negative,1,Negative,1,Negative,1,Neutral,2,Negative,1,Neutral,2,Negative,1,Negative,1,Negative,1,Negative,1,Positive,3,Negative,1,Negative,1,Negative,1,Negative,1
lldq_youtube_review_914.txt,Neutral,2
lldq_youtube_review_727.txt,Positive,3
lldq_youtube_review_733.txt,Negative,1
lldq_youtube_review_280.txt,Neutral,2
lldq_youtube_review_294.txt,Negative,1
lldq_youtube_review_243.txt,Negative,1,Positive,3
lldq_youtube_review_525.txt,Neutral,2
lldq_youtube_review_531.txt,Negative,1
lldq_youtube_review_257.txt,Neutral,2
lldq_youtube_review_519.txt,Neutral,2
lldq_youtube_review_556.txt,Negative,1
lldq_youtube_review_230.txt,Positive,3
lldq_youtube_review_224.txt,Positive,3,Positive,3
lldq_youtube_review_542.txt,Positive,3
lldq_youtube_review_218.txt,Neutral,2
lldq_youtube_review_595.txt,Negative,1
lldq_youtube_review_581.txt,Neutral,2,Neutral,2,Negative,1,Negative,1
lldq_youtube_review_754.txt,Negative,1,Negative,1,Neutral,2
lldq_youtube_review_740.txt,Negative,1,Neutral,2
lldq_youtube_review_768.txt,Verypositive,4,Verynegative,0
lldq_youtube_review_797.txt,Negative,1
lldq_youtube_review_783.txt,Neutral,2,Neutral,2,Neutral,2,Neutral,2,Neutral,2
lldq_youtube_review_973.txt,Positive,3,Neutral,2,Negative,1
lldq_youtube_review_2.txt,Negative,1
lldq_youtube_review_967.txt,Negative,1,Negative,1,Positive,3,Negative,1,Positive,3
lldq_youtube_review_146.txt,Negative,1,Positive,3,Negative,1
lldq_youtube_review_620.txt,Neutral,2,Neutral,2,Neutral,2
lldq_youtube_review_634.txt,Neutral,2
lldq_youtube_review_152.txt,Neutral,2,Negative,1
lldq_youtube_review_608.txt,Negative,1
lldq_youtube_review_185.txt,Negative,1
lldq_youtube_review_19.txt,Neutral,2,Negative,1,Negative,1,Neutral,2
lldq_youtube_review_191.txt,Positive,3,Neutral,2,Neutral,2
lldq_youtube_review_31.txt,Positive,3,Negative,1
lldq_youtube_review_807.txt,Neutral,2
lldq_youtube_review_813.txt,Negative,1,Neutral,2
lldq_youtube_review_25.txt,Negative,1
lldq_youtube_review_422.txt,Positive,3
lldq_youtube_review_344.txt,Positive,3
lldq_youtube_review_350.txt,Neutral,2
lldq_youtube_review_436.txt,Neutral,2,Neutral,2
lldq_youtube_review_378.txt,Verynegative,0
lldq_youtube_review_387.txt,Negative,1
lldq_youtube_review_393.txt,Positive,3
lldq_youtube_review_392.txt,Neutral,2,Negative,1
lldq_youtube_review_386.txt,Positive,3
lldq_youtube_review_379.txt,Neutral,2,Neutral,2
lldq_youtube_review_351.txt,Negative,1
lldq_youtube_review_437.txt,Neutral,2,Neutral,2
lldq_youtube_review_423.txt,Positive,3
lldq_youtube_review_345.txt,Neutral,2,Negative,1
lldq_youtube_review_812.txt,Neutral,2,Neutral,2,Negative,1
lldq_youtube_review_24.txt,Negative,1,Negative,1,Neutral,2
lldq_youtube_review_30.txt,Neutral,2
lldq_youtube_review_806.txt,Neutral,2
lldq_youtube_review_190.txt,Neutral,2
lldq_youtube_review_18.txt,Positive,3,Neutral,2
lldq_youtube_review_184.txt,Positive,3
lldq_youtube_review_609.txt,Neutral,2
lldq_youtube_review_635.txt,Positive,3,Positive,3
lldq_youtube_review_153.txt,Positive,3
lldq_youtube_review_147.txt,Positive,3
lldq_youtube_review_621.txt,Negative,1
lldq_youtube_review_966.txt,Negative,1,Negative,1
lldq_youtube_review_3.txt,Neutral,2,Neutral,2,Positive,3
lldq_youtube_review_972.txt,Negative,1
lldq_youtube_review_782.txt,Neutral,2
lldq_youtube_review_796.txt,Negative,1,Negative,1,Neutral,2
lldq_youtube_review_769.txt,Neutral,2
lldq_youtube_review_741.txt,Negative,1,Negative,1,Negative,1
lldq_youtube_review_755.txt,Negative,1
lldq_youtube_review_580.txt,Positive,3
lldq_youtube_review_594.txt,Neutral,2
lldq_youtube_review_219.txt,Positive,3
lldq_youtube_review_225.txt,Positive,3,Negative,1
lldq_youtube_review_543.txt,Verypositive,4,Negative,1
lldq_youtube_review_557.txt,Verypositive,4
lldq_youtube_review_231.txt,Neutral,2,Verypositive,4,Neutral,2
lldq_youtube_review_541.txt,Negative,1
lldq_youtube_review_227.txt,Neutral,2,Neutral,2
lldq_youtube_review_233.txt,Verypositive,4,Negative,1
lldq_youtube_review_555.txt,Neutral,2
lldq_youtube_review_569.txt,Negative,1
lldq_youtube_review_582.txt,Negative,1
lldq_youtube_review_596.txt,Negative,1
lldq_youtube_review_743.txt,Neutral,2
lldq_youtube_review_757.txt,Negative,1
lldq_youtube_review_958.txt,Negative,1
lldq_youtube_review_780.txt,Positive,3
lldq_youtube_review_794.txt,Negative,1,Neutral,2,Negative,1,Negative,1,Positive,3,Negative,1,Negative,1,Positive,3,Neutral,2
lldq_youtube_review_964.txt,Negative,1
lldq_youtube_review_970.txt,Negative,1
lldq_youtube_review_1.txt,Positive,3,Negative,1
lldq_youtube_review_151.txt,Positive,3,Negative,1,Negative,1
lldq_youtube_review_637.txt,Negative,1,Neutral,2
lldq_youtube_review_623.txt,Neutral,2
lldq_youtube_review_145.txt,Negative,1
lldq_youtube_review_179.txt,Positive,3
lldq_youtube_review_192.txt,Negative,1
lldq_youtube_review_838.txt,Verynegative,0
lldq_youtube_review_186.txt,Positive,3,Neutral,2,Positive,3,Positive,3,Positive,3,Neutral,2
lldq_youtube_review_26.txt,Neutral,2
lldq_youtube_review_810.txt,Neutral,2
lldq_youtube_review_804.txt,Negative,1
lldq_youtube_review_32.txt,Neutral,2
lldq_youtube_review_435.txt,Negative,1
lldq_youtube_review_353.txt,Negative,1,Positive,3,Positive,3,Neutral,2
lldq_youtube_review_347.txt,Positive,3
lldq_youtube_review_421.txt,Negative,1
lldq_youtube_review_409.txt,Neutral,2
lldq_youtube_review_390.txt,Negative,1
lldq_youtube_review_384.txt,Neutral,2
lldq_youtube_review_385.txt,Negative,1,Neutral,2,Negative,1,Neutral,2
lldq_youtube_review_391.txt,Neutral,2,Neutral,2
lldq_youtube_review_408.txt,Neutral,2
lldq_youtube_review_346.txt,Negative,1
lldq_youtube_review_420.txt,Neutral,2
lldq_youtube_review_434.txt,Negative,1
lldq_youtube_review_352.txt,Negative,1
lldq_youtube_review_805.txt,Negative,1
lldq_youtube_review_33.txt,Negative,1,Verypositive,4,Neutral,2
lldq_youtube_review_27.txt,Verynegative,0
lldq_youtube_review_811.txt,Neutral,2
lldq_youtube_review_839.txt,Negative,1,Negative,1,Negative,1,Neutral,2
lldq_youtube_review_187.txt,Positive,3,Neutral,2
lldq_youtube_review_193.txt,Negative,1,Neutral,2
lldq_youtube_review_178.txt,Negative,1,Neutral,2
lldq_youtube_review_622.txt,Neutral,2,Neutral,2,Positive,3
lldq_youtube_review_144.txt,Negative,1,Neutral,2
lldq_youtube_review_150.txt,Negative,1,Positive,3
lldq_youtube_review_636.txt,Negative,1,Negative,1,Neutral,2,Negative,1,Negative,1,Negative,1
lldq_youtube_review_0.txt,Negative,1
lldq_youtube_review_971.txt,Neutral,2
lldq_youtube_review_965.txt,Negative,1,Negative,1,Verynegative,0
lldq_youtube_review_795.txt,Negative,1
lldq_youtube_review_781.txt,Negative,1
lldq_youtube_review_959.txt,Negative,1,Positive,3,Neutral,2
lldq_youtube_review_756.txt,Negative,1,Positive,3
lldq_youtube_review_742.txt,Neutral,2
lldq_youtube_review_597.txt,Negative,1,Negative,1,Positive,3,Verynegative,0,Negative,1,Neutral,2
lldq_youtube_review_583.txt,Neutral,2
lldq_youtube_review_568.txt,Negative,1,Neutral,2,Positive,3,Positive,3,Positive,3
lldq_youtube_review_232.txt,Negative,1,Neutral,2,Negative,1
lldq_youtube_review_554.txt,Neutral,2
lldq_youtube_review_540.txt,Negative,1
lldq_youtube_review_226.txt,Neutral,2,Neutral,2,Neutral,2,Neutral,2,Neutral,2
lldq_youtube_review_578.txt,Positive,3,Neutral,2
lldq_youtube_review_222.txt,Neutral,2
lldq_youtube_review_544.txt,Neutral,2,Neutral,2
lldq_youtube_review_550.txt,Neutral,2
lldq_youtube_review_236.txt,Positive,3,Verypositive,4
lldq_youtube_review_587.txt,Verypositive,4,Neutral,2,Neutral,2
lldq_youtube_review_593.txt,Neutral,2
lldq_youtube_review_746.txt,Negative,1,Neutral,2
lldq_youtube_review_752.txt,Negative,1
lldq_youtube_review_961.txt,Negative,1,Negative,1,Negative,1,Negative,1,Negative,1,Negative,1
lldq_youtube_review_975.txt,Neutral,2
lldq_youtube_review_4.txt,Negative,1
lldq_youtube_review_785.txt,Negative,1
lldq_youtube_review_949.txt,Neutral,2
lldq_youtube_review_791.txt,Positive,3,Positive,3,Neutral,2,Negative,1,Neutral,2,Neutral,2,Negative,1,Neutral,2,Positive,3,Negative,1,Negative,1
lldq_youtube_review_168.txt,Verypositive,4
lldq_youtube_review_632.txt,Negative,1,Negative,1
lldq_youtube_review_154.txt,Negative,1,Positive,3
lldq_youtube_review_140.txt,Positive,3
lldq_youtube_review_626.txt,Neutral,2
lldq_youtube_review_815.txt,Negative,1
lldq_youtube_review_23.txt,Positive,3,Positive,3,Neutral,2,Neutral,2,Neutral,2,Neutral,2
lldq_youtube_review_37.txt,Verypositive,4,Negative,1,Neutral,2
lldq_youtube_review_801.txt,Neutral,2,Negative,1,Neutral,2,Neutral,2,Negative,1,Neutral,2,Neutral,2
lldq_youtube_review_829.txt,Negative,1
lldq_youtube_review_197.txt,Neutral,2,Positive,3,Negative,1
lldq_youtube_review_183.txt,Positive,3,Negative,1,Neutral,2,Negative,1,Positive,3
lldq_youtube_review_418.txt,Positive,3
lldq_youtube_review_356.txt,Positive,3
lldq_youtube_review_430.txt,Neutral,2
lldq_youtube_review_424.txt,Negative,1
lldq_youtube_review_342.txt,Neutral,2,Neutral,2
lldq_youtube_review_395.txt,Neutral,2
lldq_youtube_review_381.txt,Neutral,2
lldq_youtube_review_380.txt,Positive,3
lldq_youtube_review_394.txt,Verynegative,0
lldq_youtube_review_425.txt,Negative,1,Negative,1
lldq_youtube_review_343.txt,Positive,3
lldq_youtube_review_357.txt,Neutral,2
lldq_youtube_review_431.txt,Negative,1,Negative,1,Neutral,2
lldq_youtube_review_419.txt,Negative,1
lldq_youtube_review_182.txt,Negative,1
lldq_youtube_review_828.txt,Neutral,2
lldq_youtube_review_196.txt,Positive,3
lldq_youtube_review_36.txt,Neutral,2,Verypositive,4
lldq_youtube_review_800.txt,Negative,1
lldq_youtube_review_814.txt,Neutral,2
lldq_youtube_review_22.txt,Negative,1,Neutral,2
lldq_youtube_review_141.txt,Positive,3
lldq_youtube_review_627.txt,Negative,1
lldq_youtube_review_633.txt,Negative,1,Neutral,2,Neutral,2
lldq_youtube_review_155.txt,Positive,3,Positive,3
lldq_youtube_review_169.txt,Negative,1,Positive,3
lldq_youtube_review_790.txt,Negative,1
lldq_youtube_review_948.txt,Neutral,2
lldq_youtube_review_784.txt,Negative,1,Negative,1
lldq_youtube_review_5.txt,Negative,1,Positive,3,Verypositive,4
lldq_youtube_review_974.txt,Positive,3
lldq_youtube_review_960.txt,Neutral,2
lldq_youtube_review_753.txt,Positive,3,Negative,1,Negative,1,Neutral,2,Negative,1,Neutral,2,Verypositive,4,Negative,1,Positive,3,Neutral,2,Positive,3,Positive,3,Positive,3,Positive,3
lldq_youtube_review_747.txt,Negative,1
lldq_youtube_review_592.txt,Neutral,2,Neutral,2
lldq_youtube_review_586.txt,Negative,1,Neutral,2
lldq_youtube_review_551.txt,Neutral,2,Negative,1
lldq_youtube_review_237.txt,Negative,1
lldq_youtube_review_223.txt,Neutral,2,Negative,1,Neutral,2
lldq_youtube_review_545.txt,Negative,1,Negative,1
lldq_youtube_review_579.txt,Neutral,2
lldq_youtube_review_209.txt,Neutral,2,Neutral,2
lldq_youtube_review_235.txt,Neutral,2
lldq_youtube_review_553.txt,Neutral,2
lldq_youtube_review_547.txt,Negative,1
lldq_youtube_review_221.txt,Neutral,2
lldq_youtube_review_590.txt,Neutral,2
lldq_youtube_review_584.txt,Neutral,2,Negative,1,Negative,1
lldq_youtube_review_779.txt,Negative,1
lldq_youtube_review_751.txt,Neutral,2
lldq_youtube_review_745.txt,Neutral,2,Negative,1
lldq_youtube_review_976.txt,Negative,1,Negative,1,Negative,1
lldq_youtube_review_7.txt,Neutral,2,Neutral,2
lldq_youtube_review_962.txt,Negative,1
lldq_youtube_review_792.txt,Negative,1,Negative,1
lldq_youtube_review_786.txt,Neutral,2,Negative,1,Positive,3
lldq_youtube_review_619.txt,Negative,1
lldq_youtube_review_625.txt,Negative,1,Negative,1,Positive,3,Negative,1,Positive,3
lldq_youtube_review_143.txt,Negative,1,Neutral,2,Neutral,2
lldq_youtube_review_157.txt,Positive,3,Negative,1
lldq_youtube_review_631.txt,Neutral,2
lldq_youtube_review_802.txt,Verynegative,0,Neutral,2
lldq_youtube_review_34.txt,Negative,1
lldq_youtube_review_20.txt,Negative,1,Neutral,2
lldq_youtube_review_816.txt,Neutral,2,Neutral,2
lldq_youtube_review_180.txt,Negative,1,Neutral,2
lldq_youtube_review_194.txt,Negative,1
lldq_youtube_review_369.txt,Positive,3,Positive,3
lldq_youtube_review_341.txt,Positive,3,Negative,1
lldq_youtube_review_427.txt,Neutral,2
lldq_youtube_review_433.txt,Negative,1,Neutral,2
lldq_youtube_review_355.txt,Negative,1,Negative,1
lldq_youtube_review_382.txt,Negative,1,Neutral,2,Neutral,2
lldq_youtube_review_396.txt,Negative,1,Verypositive,4
lldq_youtube_review_397.txt,Positive,3
lldq_youtube_review_383.txt,Negative,1,Positive,3
lldq_youtube_review_432.txt,Positive,3,Negative,1
lldq_youtube_review_354.txt,Neutral,2
lldq_youtube_review_340.txt,Positive,3
lldq_youtube_review_426.txt,Negative,1
lldq_youtube_review_368.txt,Negative,1,Neutral,2
lldq_youtube_review_195.txt,Neutral,2
lldq_youtube_review_181.txt,Neutral,2
lldq_youtube_review_21.txt,Neutral,2,Verypositive,4,Positive,3
lldq_youtube_review_817.txt,Positive,3
lldq_youtube_review_803.txt,Negative,1,Neutral,2
lldq_youtube_review_35.txt,Positive,3,Neutral,2
lldq_youtube_review_156.txt,Negative,1
lldq_youtube_review_630.txt,Negative,1,Positive,3,Negative,1
lldq_youtube_review_624.txt,Negative,1,Positive,3
lldq_youtube_review_142.txt,Negative,1
lldq_youtube_review_618.txt,Neutral,2
lldq_youtube_review_787.txt,Positive,3,Neutral,2
lldq_youtube_review_793.txt,Positive,3
lldq_youtube_review_963.txt,Verynegative,0,Neutral,2
lldq_youtube_review_6.txt,Neutral,2,Neutral,2,Neutral,2,Negative,1,Negative,1,Neutral,2,Negative,1,Neutral,2,Negative,1,Negative,1,Negative,1,Negative,1
lldq_youtube_review_977.txt,Verynegative,0,Neutral,2
lldq_youtube_review_744.txt,Positive,3
lldq_youtube_review_988.txt,Negative,1,Positive,3,Negative,1
lldq_youtube_review_750.txt,Negative,1
lldq_youtube_review_778.txt,Neutral,2
lldq_youtube_review_585.txt,Neutral,2
lldq_youtube_review_591.txt,Verypositive,4
lldq_youtube_review_546.txt,Negative,1
lldq_youtube_review_220.txt,Positive,3,Neutral,2,Positive,3,Neutral,2
lldq_youtube_review_234.txt,Negative,1,Positive,3,Positive,3
lldq_youtube_review_552.txt,Neutral,2,Negative,1
lldq_youtube_review_208.txt,Neutral,2
lldq_youtube_review_577.txt,Neutral,2,Neutral,2
lldq_youtube_review_211.txt,Neutral,2
lldq_youtube_review_205.txt,Neutral,2,Positive,3
lldq_youtube_review_563.txt,Positive,3
lldq_youtube_review_239.txt,Positive,3
lldq_youtube_review_588.txt,Negative,1
lldq_youtube_review_775.txt,Neutral,2,Neutral,2,Neutral,2
lldq_youtube_review_761.txt,Negative,1,Neutral,2,Negative,1,Negative,1,Neutral,2,Positive,3,Negative,1,Neutral,2,Negative,1,Neutral,2,Negative,1,Negative,1,Negative,1,Negative,1,Negative,1,Neutral,2,Negative,1,Negative,1,Negative,1,Negative,1,Negative,1
lldq_youtube_review_749.txt,Neutral,2,Negative,1,Positive,3
lldq_youtube_review_985.txt,Negative,1,Neutral,2
lldq_youtube_review_952.txt,Neutral,2
lldq_youtube_review_946.txt,Positive,3,Positive,3,Neutral,2
lldq_youtube_review_167.txt,Neutral,2,Neutral,2,Negative,1
lldq_youtube_review_601.txt,Positive,3
lldq_youtube_review_615.txt,Positive,3
lldq_youtube_review_173.txt,Neutral,2
lldq_youtube_review_629.txt,Neutral,2
lldq_youtube_review_38.txt,Positive,3,Neutral,2
lldq_youtube_review_10.txt,Negative,1,Verypositive,4,Positive,3
lldq_youtube_review_198.txt,Verypositive,4
lldq_youtube_review_826.txt,Negative,1,Negative,1,Neutral,2,Positive,3,Negative,1,Neutral,2
lldq_youtube_review_832.txt,Neutral,2
lldq_youtube_review_403.txt,Neutral,2
lldq_youtube_review_365.txt,Verypositive,4
lldq_youtube_review_371.txt,Neutral,2
lldq_youtube_review_417.txt,Negative,1,Positive,3
lldq_youtube_review_359.txt,Positive,3
lldq_youtube_review_358.txt,Negative,1,Positive,3
lldq_youtube_review_370.txt,Negative,1
lldq_youtube_review_416.txt,Positive,3,Neutral,2
lldq_youtube_review_402.txt,Negative,1,Negative,1,Negative,1,Neutral,2,Neutral,2
lldq_youtube_review_364.txt,Positive,3
lldq_youtube_review_833.txt,Negative,1
lldq_youtube_review_199.txt,Negative,1
lldq_youtube_review_11.txt,Positive,3
lldq_youtube_review_827.txt,Positive,3
lldq_youtube_review_39.txt,Verypositive,4,Neutral,2
lldq_youtube_review_628.txt,Negative,1,Positive,3
lldq_youtube_review_614.txt,Negative,1
lldq_youtube_review_172.txt,Negative,1
lldq_youtube_review_166.txt,Negative,1
lldq_youtube_review_600.txt,Neutral,2
lldq_youtube_review_947.txt,Negative,1
lldq_youtube_review_953.txt,Neutral,2,Neutral,2,Negative,1,Neutral,2
lldq_youtube_review_984.txt,Negative,1,Positive,3,Positive,3,Positive,3,Negative,1,Neutral,2,Negative,1
lldq_youtube_review_748.txt,Positive,3,Neutral,2,Neutral,2,Neutral,2,Neutral,2,Positive,3,Neutral,2,Positive,3,Neutral,2,Neutral,2
lldq_youtube_review_760.txt,Verynegative,0
lldq_youtube_review_774.txt,Negative,1
lldq_youtube_review_589.txt,Neutral,2
lldq_youtube_review_238.txt,Positive,3,Neutral,2
lldq_youtube_review_204.txt,Negative,1
lldq_youtube_review_562.txt,Positive,3
lldq_youtube_review_576.txt,Positive,3
lldq_youtube_review_210.txt,Neutral,2,Neutral,2,Neutral,2
lldq_youtube_review_560.txt,Neutral,2,Negative,1
lldq_youtube_review_206.txt,Neutral,2
lldq_youtube_review_212.txt,Verypositive,4
lldq_youtube_review_574.txt,Neutral,2
lldq_youtube_review_548.txt,Negative,1
lldq_youtube_review_762.txt,Neutral,2,Neutral,2
lldq_youtube_review_776.txt,Neutral,2,Positive,3
lldq_youtube_review_986.txt,Negative,1,Neutral,2,Neutral,2,Neutral,2,Neutral,2
lldq_youtube_review_8.txt,Positive,3
lldq_youtube_review_979.txt,Negative,1,Positive,3
lldq_youtube_review_945.txt,Positive,3
lldq_youtube_review_951.txt,Positive,3
lldq_youtube_review_789.txt,Negative,1
lldq_youtube_review_170.txt,Negative,1
lldq_youtube_review_616.txt,Verypositive,4,Negative,1,Neutral,2,Negative,1,Positive,3,Negative,1,Neutral,2
lldq_youtube_review_602.txt,Verypositive,4,Neutral,2,Negative,1,Neutral,2,Negative,1
lldq_youtube_review_164.txt,Positive,3
lldq_youtube_review_158.txt,Neutral,2
lldq_youtube_review_819.txt,Negative,1,Positive,3
lldq_youtube_review_831.txt,Negative,1,Neutral,2,Negative,1
lldq_youtube_review_825.txt,Negative,1
lldq_youtube_review_13.txt,Positive,3,Negative,1
lldq_youtube_review_414.txt,Negative,1,Positive,3
lldq_youtube_review_372.txt,Neutral,2,Negative,1
lldq_youtube_review_366.txt,Neutral,2
lldq_youtube_review_400.txt,Neutral,2
lldq_youtube_review_428.txt,Positive,3,Neutral,2,Neutral,2,Negative,1,Neutral,2,Positive,3,Negative,1,Negative,1,Positive,3,Positive,3,Verypositive,4
lldq_youtube_review_399.txt,Negative,1
lldq_youtube_review_398.txt,Negative,1,Negative,1
lldq_youtube_review_429.txt,Neutral,2
lldq_youtube_review_367.txt,Negative,1,Negative,1,Negative,1,Verynegative,0,Positive,3
lldq_youtube_review_401.txt,Negative,1,Neutral,2
lldq_youtube_review_415.txt,Neutral,2,Negative,1,Neutral,2
lldq_youtube_review_373.txt,Verypositive,4,Positive,3,Negative,1,Neutral,2,Negative,1,Positive,3,Positive,3,Negative,1,Negative,1,Positive,3,Negative,1
lldq_youtube_review_824.txt,Positive,3
lldq_youtube_review_12.txt,Positive,3
lldq_youtube_review_830.txt,Positive,3
lldq_youtube_review_818.txt,Positive,3
lldq_youtube_review_159.txt,Neutral,2,Neutral,2
lldq_youtube_review_603.txt,Negative,1,Negative,1,Negative,1
lldq_youtube_review_165.txt,Negative,1,Negative,1,Negative,1,Neutral,2,Neutral,2
lldq_youtube_review_171.txt,Negative,1
lldq_youtube_review_617.txt,Verynegative,0
lldq_youtube_review_788.txt,Positive,3,Neutral,2,Neutral,2,Neutral,2
lldq_youtube_review_950.txt,Neutral,2,Neutral,2
lldq_youtube_review_944.txt,Neutral,2
lldq_youtube_review_978.txt,Neutral,2
lldq_youtube_review_9.txt,Negative,1
lldq_youtube_review_987.txt,Verypositive,4,Negative,1,Negative,1,Neutral,2,Neutral,2,Neutral,2,Neutral,2,Verynegative,0,Positive,3
lldq_youtube_review_777.txt,Negative,1,Neutral,2,Negative,1,Neutral,2,Negative,1,Neutral,2,Negative,1,Neutral,2,Positive,3,Neutral,2
lldq_youtube_review_763.txt,Neutral,2
lldq_youtube_review_549.txt,Negative,1
lldq_youtube_review_213.txt,Positive,3
lldq_youtube_review_575.txt,Negative,1
lldq_youtube_review_561.txt,Neutral,2
lldq_youtube_review_207.txt,Neutral,2
lldq_youtube_review_559.txt,Positive,3
lldq_youtube_review_203.txt,Positive,3,Negative,1
lldq_youtube_review_565.txt,Neutral,2,Negative,1
lldq_youtube_review_571.txt,Positive,3,Neutral,2
lldq_youtube_review_217.txt,Neutral,2,Negative,1
lldq_youtube_review_983.txt,Neutral,2,Negative,1,Negative,1,Neutral,2,Neutral,2,Negative,1
lldq_youtube_review_767.txt,Neutral,2
lldq_youtube_review_773.txt,Neutral,2,Negative,1
lldq_youtube_review_940.txt,Negative,1
lldq_youtube_review_798.txt,Positive,3
lldq_youtube_review_954.txt,Neutral,2,Negative,1,Negative,1
lldq_youtube_review_968.txt,Negative,1,Neutral,2
lldq_youtube_review_149.txt,Verypositive,4,Neutral,2,Positive,3,Neutral,2
lldq_youtube_review_613.txt,Neutral,2
lldq_youtube_review_175.txt,Neutral,2,Neutral,2
lldq_youtube_review_161.txt,Negative,1,Neutral,2
lldq_youtube_review_607.txt,Positive,3
lldq_youtube_review_834.txt,Verynegative,0,Negative,1
lldq_youtube_review_16.txt,Negative,1,Positive,3
lldq_youtube_review_820.txt,Positive,3
lldq_youtube_review_808.txt,Positive,3
lldq_youtube_review_439.txt,Positive,3
lldq_youtube_review_377.txt,Neutral,2
lldq_youtube_review_411.txt,Neutral,2
lldq_youtube_review_405.txt,Neutral,2,Neutral,2
lldq_youtube_review_363.txt,Negative,1,Negative,1,Positive,3
lldq_youtube_review_388.txt,Positive,3
lldq_youtube_review_389.txt,Verypositive,4
lldq_youtube_review_404.txt,Positive,3
lldq_youtube_review_362.txt,Positive,3,Positive,3
lldq_youtube_review_376.txt,Negative,1,Neutral,2,Negative,1,Negative,1
lldq_youtube_review_410.txt,Negative,1,Neutral,2
lldq_youtube_review_438.txt,Negative,1
lldq_youtube_review_809.txt,Positive,3,Negative,1,Positive,3
lldq_youtube_review_17.txt,Positive,3,Positive,3,Positive,3,Negative,1
lldq_youtube_review_821.txt,Neutral,2
lldq_youtube_review_835.txt,Positive,3,Positive,3,Neutral,2
lldq_youtube_review_160.txt,Positive,3,Negative,1
lldq_youtube_review_606.txt,Positive,3,Neutral,2
lldq_youtube_review_612.txt,Neutral,2,Negative,1
lldq_youtube_review_174.txt,Neutral,2
lldq_youtube_review_148.txt,Negative,1
lldq_youtube_review_969.txt,Verypositive,4
lldq_youtube_review_955.txt,Positive,3,Neutral,2,Neutral,2
lldq_youtube_review_799.txt,Negative,1,Negative,1
lldq_youtube_review_941.txt,Negative,1,Neutral,2
lldq_youtube_review_772.txt,Neutral,2,Positive,3
lldq_youtube_review_766.txt,Neutral,2,Negative,1,Negative,1,Neutral,2,Neutral,2
lldq_youtube_review_982.txt,Positive,3,Negative,1,Neutral,2,Neutral,2,Neutral,2,Neutral,2,Neutral,2,Negative,1
lldq_youtube_review_570.txt,Negative,1,Positive,3,Negative,1
lldq_youtube_review_216.txt,Verypositive,4,Positive,3
lldq_youtube_review_202.txt,Positive,3
lldq_youtube_review_564.txt,Neutral,2
lldq_youtube_review_558.txt,Neutral,2,Negative,1
lldq_youtube_review_228.txt,Positive,3
lldq_youtube_review_214.txt,Positive,3,Negative,1,Positive,3
lldq_youtube_review_572.txt,Neutral,2
lldq_youtube_review_566.txt,Negative,1
lldq_youtube_review_200.txt,Negative,1,Negative,1,Positive,3
lldq_youtube_review_599.txt,Negative,1,Positive,3
lldq_youtube_review_758.txt,Negative,1
lldq_youtube_review_980.txt,Neutral,2,Negative,1
lldq_youtube_review_770.txt,Negative,1
lldq_youtube_review_764.txt,Neutral,2
lldq_youtube_review_957.txt,Neutral,2,Negative,1,Negative,1,Neutral,2,Neutral,2,Neutral,2,Neutral,2,Neutral,2,Neutral,2,Negative,1,Neutral,2,Positive,3,Neutral,2,Neutral,2
lldq_youtube_review_943.txt,Neutral,2,Positive,3,Negative,1
lldq_youtube_review_638.txt,Neutral,2
lldq_youtube_review_604.txt,Positive,3,Neutral,2
lldq_youtube_review_162.txt,Positive,3,Neutral,2
lldq_youtube_review_176.txt,Neutral,2
lldq_youtube_review_610.txt,Neutral,2,Positive,3
lldq_youtube_review_823.txt,Negative,1
lldq_youtube_review_15.txt,Neutral,2
lldq_youtube_review_189.txt,Negative,1
lldq_youtube_review_837.txt,Negative,1,Negative,1,Neutral,2
lldq_youtube_review_29.txt,Positive,3
lldq_youtube_review_348.txt,Neutral,2,Verynegative,0
lldq_youtube_review_360.txt,Positive,3
lldq_youtube_review_406.txt,Neutral,2,Neutral,2,Negative,1,Verynegative,0,Negative,1,Negative,1,Positive,3
lldq_youtube_review_412.txt,Neutral,2,Neutral,2
lldq_youtube_review_374.txt,Negative,1
lldq_youtube_review_413.txt,Positive,3
lldq_youtube_review_375.txt,Positive,3
lldq_youtube_review_361.txt,Negative,1
lldq_youtube_review_407.txt,Positive,3
lldq_youtube_review_349.txt,Neutral,2
lldq_youtube_review_28.txt,Negative,1
lldq_youtube_review_188.txt,Negative,1,Neutral,2,Neutral,2,Neutral,2,Positive,3
lldq_youtube_review_836.txt,Neutral,2
lldq_youtube_review_822.txt,Neutral,2,Neutral,2
lldq_youtube_review_14.txt,Positive,3
lldq_youtube_review_177.txt,Negative,1,Neutral,2,Negative,1
lldq_youtube_review_611.txt,Neutral,2,Negative,1
lldq_youtube_review_605.txt,Neutral,2
lldq_youtube_review_163.txt,Positive,3,Neutral,2,Verypositive,4
lldq_youtube_review_639.txt,Neutral,2
lldq_youtube_review_942.txt,Negative,1,Positive,3,Positive,3
lldq_youtube_review_956.txt,Neutral,2,Negative,1,Neutral,2,Negative,1,Negative,1,Negative,1,Neutral,2,Negative,1,Negative,1,Negative,1
lldq_youtube_review_765.txt,Neutral,2,Negative,1,Negative,1,Neutral,2
lldq_youtube_review_771.txt,Neutral,2,Positive,3
lldq_youtube_review_981.txt,Negative,1,Neutral,2
lldq_youtube_review_759.txt,Negative,1,Neutral,2
lldq_youtube_review_598.txt,Neutral,2
lldq_youtube_review_567.txt,Positive,3
lldq_youtube_review_201.txt,Negative,1,Positive,3,Neutral,2,Negative,1,Neutral,2
lldq_youtube_review_215.txt,Negative,1
lldq_youtube_review_573.txt,Neutral,2,Negative,1
lldq_youtube_review_229.txt,Positive,3,Negative,1
lldq_youtube_review_272.txt,Negative,1,Positive,3,Negative,1,Negative,1
lldq_youtube_review_514.txt,Neutral,2
lldq_youtube_review_500.txt,Neutral,2
lldq_youtube_review_266.txt,Neutral,2,Neutral,2,Neutral,2
lldq_youtube_review_528.txt,Negative,1
lldq_youtube_review_299.txt,Positive,3,Neutral,2,Negative,1,Negative,1,Negative,1,Neutral,2,Neutral,2
lldq_youtube_review_716.txt,Neutral,2
lldq_youtube_review_702.txt,Negative,1
lldq_youtube_review_919.txt,Negative,1,Negative,1,Negative,1,Negative,1,Negative,1,Negative,1
lldq_youtube_review_931.txt,Negative,1
lldq_youtube_review_925.txt,Negative,1
lldq_youtube_review_662.txt,Positive,3
lldq_youtube_review_104.txt,Neutral,2
lldq_youtube_review_110.txt,Neutral,2,Negative,1
lldq_youtube_review_98.txt,Neutral,2
lldq_youtube_review_676.txt,Negative,1,Positive,3,Neutral,2,Neutral,2,Positive,3,Negative,1
lldq_youtube_review_886.txt,Negative,1
lldq_youtube_review_138.txt,Neutral,2
lldq_youtube_review_892.txt,Neutral,2,Neutral,2
lldq_youtube_review_879.txt,Positive,3
lldq_youtube_review_845.txt,Positive,3,Neutral,2
lldq_youtube_review_73.txt,Positive,3
lldq_youtube_review_67.txt,Negative,1,Neutral,2,Neutral,2
lldq_youtube_review_689.txt,Negative,1,Neutral,2,Neutral,2,Neutral,2
lldq_youtube_review_851.txt,Neutral,2
lldq_youtube_review_306.txt,Negative,1,Positive,3
lldq_youtube_review_460.txt,Positive,3
lldq_youtube_review_474.txt,Negative,1,Negative,1
lldq_youtube_review_312.txt,Neutral,2
lldq_youtube_review_448.txt,Positive,3,Negative,1,Neutral,2
lldq_youtube_review_449.txt,Neutral,2
lldq_youtube_review_475.txt,Positive,3,Negative,1,Negative,1,Negative,1,Neutral,2,Neutral,2
lldq_youtube_review_313.txt,Neutral,2
lldq_youtube_review_307.txt,Positive,3,Neutral,2
lldq_youtube_review_461.txt,Neutral,2
lldq_youtube_review_66.txt,Positive,3,Verypositive,4,Negative,1
lldq_youtube_review_850.txt,Neutral,2
lldq_youtube_review_688.txt,Positive,3
lldq_youtube_review_844.txt,Negative,1,Positive,3,Neutral,2,Negative,1,Neutral,2
lldq_youtube_review_72.txt,Negative,1
lldq_youtube_review_878.txt,Negative,1,Negative,1,Negative,1,Neutral,2,Positive,3
lldq_youtube_review_893.txt,Verynegative,0,Neutral,2
lldq_youtube_review_887.txt,Neutral,2
lldq_youtube_review_139.txt,Neutral,2,Positive,3
lldq_youtube_review_99.txt,Neutral,2
lldq_youtube_review_111.txt,Positive,3
lldq_youtube_review_677.txt,Neutral,2
lldq_youtube_review_663.txt,Neutral,2
lldq_youtube_review_105.txt,Neutral,2
lldq_youtube_review_924.txt,Negative,1,Neutral,2,Positive,3
lldq_youtube_review_930.txt,Negative,1,Negative,1,Negative,1,Neutral,2,Negative,1,Negative,1,Negative,1,Negative,1,Negative,1,Negative,1,Negative,1,Negative,1,Neutral,2,Positive,3,Negative,1,Negative,1,Negative,1,Negative,1,Negative,1,Negative,1
lldq_youtube_review_918.txt,Negative,1
lldq_youtube_review_703.txt,Negative,1
lldq_youtube_review_717.txt,Neutral,2,Negative,1
lldq_youtube_review_298.txt,Neutral,2
lldq_youtube_review_529.txt,Negative,1
lldq_youtube_review_501.txt,Neutral,2
lldq_youtube_review_267.txt,Positive,3
lldq_youtube_review_273.txt,Negative,1
lldq_youtube_review_515.txt,Positive,3,Neutral,2,Negative,1
lldq_youtube_review_265.txt,Neutral,2
lldq_youtube_review_503.txt,Negative,1
lldq_youtube_review_517.txt,Positive,3
lldq_youtube_review_271.txt,Neutral,2
lldq_youtube_review_259.txt,Neutral,2,Neutral,2,Positive,3
lldq_youtube_review_701.txt,Negative,1
lldq_youtube_review_715.txt,Positive,3,Neutral,2,Positive,3,Negative,1
lldq_youtube_review_729.txt,Negative,1
lldq_youtube_review_926.txt,Positive,3,Neutral,2,Neutral,2
lldq_youtube_review_932.txt,Negative,1,Neutral,2
lldq_youtube_review_675.txt,Neutral,2,Negative,1,Negative,1,Negative,1,Negative,1,Neutral,2
lldq_youtube_review_113.txt,Neutral,2
lldq_youtube_review_107.txt,Verypositive,4
lldq_youtube_review_661.txt,Negative,1
lldq_youtube_review_891.txt,Negative,1,Negative,1,Negative,1
lldq_youtube_review_649.txt,Positive,3,Positive,3
lldq_youtube_review_885.txt,Neutral,2
lldq_youtube_review_58.txt,Positive,3,Positive,3
lldq_youtube_review_852.txt,Positive,3,Negative,1,Negative,1,Negative,1
lldq_youtube_review_64.txt,Neutral,2,Negative,1,Negative,1,Positive,3,Neutral,2
lldq_youtube_review_70.txt,Negative,1
lldq_youtube_review_846.txt,Negative,1,Negative,1
lldq_youtube_review_311.txt,Negative,1
lldq_youtube_review_477.txt,Negative,1,Negative,1
lldq_youtube_review_463.txt,Negative,1,Negative,1
lldq_youtube_review_305.txt,Positive,3
lldq_youtube_review_339.txt,Negative,1
lldq_youtube_review_488.txt,Positive,3
lldq_youtube_review_489.txt,Positive,3
lldq_youtube_review_338.txt,Negative,1
lldq_youtube_review_462.txt,Neutral,2
lldq_youtube_review_304.txt,Positive,3
lldq_youtube_review_310.txt,Negative,1
lldq_youtube_review_476.txt,Neutral,2
lldq_youtube_review_71.txt,Neutral,2
lldq_youtube_review_847.txt,Neutral,2
lldq_youtube_review_853.txt,Negative,1,Neutral,2,Neutral,2
lldq_youtube_review_65.txt,Neutral,2,Negative,1
lldq_youtube_review_59.txt,Neutral,2,Negative,1
lldq_youtube_review_884.txt,Negative,1
lldq_youtube_review_648.txt,Neutral,2
lldq_youtube_review_890.txt,Negative,1
lldq_youtube_review_106.txt,Neutral,2,Verypositive,4
lldq_youtube_review_660.txt,Negative,1
lldq_youtube_review_674.txt,Neutral,2,Neutral,2,Neutral,2
lldq_youtube_review_112.txt,Negative,1
lldq_youtube_review_933.txt,Negative,1
lldq_youtube_review_927.txt,Positive,3
lldq_youtube_review_728.txt,Negative,1
lldq_youtube_review_714.txt,Negative,1
lldq_youtube_review_700.txt,Positive,3
lldq_youtube_review_258.txt,Verypositive,4
lldq_youtube_review_516.txt,Neutral,2
lldq_youtube_review_270.txt,Neutral,2,Negative,1
lldq_youtube_review_264.txt,Neutral,2
lldq_youtube_review_502.txt,Negative,1,Negative,1
lldq_youtube_review_248.txt,Positive,3
lldq_youtube_review_506.txt,Neutral,2
lldq_youtube_review_260.txt,Negative,1,Neutral,2,Negative,1
lldq_youtube_review_274.txt,Neutral,2
lldq_youtube_review_512.txt,Negative,1
lldq_youtube_review_738.txt,Neutral,2
lldq_youtube_review_704.txt,Neutral,2
lldq_youtube_review_710.txt,Positive,3
lldq_youtube_review_923.txt,Negative,1
lldq_youtube_review_937.txt,Positive,3,Negative,1
lldq_youtube_review_894.txt,Neutral,2
lldq_youtube_review_880.txt,Neutral,2,Neutral,2
lldq_youtube_review_658.txt,Positive,3,Negative,1
lldq_youtube_review_116.txt,Verypositive,4,Positive,3
lldq_youtube_review_670.txt,Negative,1,Positive,3,Negative,1
lldq_youtube_review_664.txt,Neutral,2,Negative,1
lldq_youtube_review_102.txt,Positive,3
lldq_youtube_review_61.txt,Negative,1
lldq_youtube_review_857.txt,Neutral,2,Negative,1
lldq_youtube_review_843.txt,Negative,1,Neutral,2,Negative,1
lldq_youtube_review_75.txt,Neutral,2,Negative,1,Positive,3
lldq_youtube_review_49.txt,Negative,1
lldq_youtube_review_328.txt,Negative,1
lldq_youtube_review_472.txt,Negative,1
lldq_youtube_review_314.txt,Neutral,2,Neutral,2,Neutral,2
lldq_youtube_review_300.txt,Neutral,2,Positive,3,Positive,3
lldq_youtube_review_466.txt,Negative,1
lldq_youtube_review_499.txt,Positive,3
lldq_youtube_review_498.txt,Positive,3,Negative,1,Negative,1
lldq_youtube_review_301.txt,Positive,3,Negative,1,Positive,3
lldq_youtube_review_467.txt,Positive,3,Positive,3
lldq_youtube_review_473.txt,Neutral,2
lldq_youtube_review_315.txt,Positive,3
lldq_youtube_review_329.txt,Positive,3
lldq_youtube_review_48.txt,Positive,3,Positive,3,Neutral,2,Neutral,2
lldq_youtube_review_842.txt,Neutral,2
lldq_youtube_review_74.txt,Neutral,2
lldq_youtube_review_60.txt,Positive,3
lldq_youtube_review_856.txt,Negative,1,Neutral,2,Neutral,2,Neutral,2,Neutral,2,Neutral,2,Neutral,2,Negative,1
lldq_youtube_review_665.txt,Neutral,2
lldq_youtube_review_103.txt,Positive,3
lldq_youtube_review_117.txt,Neutral,2,Negative,1,Neutral,2
lldq_youtube_review_671.txt,Neutral,2,Positive,3
lldq_youtube_review_659.txt,Positive,3,Negative,1,Negative,1,Negative,1,Neutral,2,Negative,1,Neutral,2,Neutral,2,Negative,1,Neutral,2
lldq_youtube_review_881.txt,Neutral,2
lldq_youtube_review_895.txt,Negative,1
lldq_youtube_review_936.txt,Positive,3,Verynegative,0
lldq_youtube_review_922.txt,Neutral,2,Neutral,2
lldq_youtube_review_711.txt,Neutral,2
lldq_youtube_review_705.txt,Verypositive,4,Negative,1,Negative,1,Verypositive,4
lldq_youtube_review_739.txt,Negative,1
lldq_youtube_review_275.txt,Negative,1
lldq_youtube_review_513.txt,Negative,1
lldq_youtube_review_507.txt,Neutral,2,Neutral,2,Negative,1,Neutral,2,Negative,1
lldq_youtube_review_261.txt,Neutral,2,Neutral,2,Negative,1
lldq_youtube_review_249.txt,Neutral,2,Neutral,2
lldq_youtube_review_539.txt,Negative,1,Negative,1,Positive,3
lldq_youtube_review_511.txt,Negative,1,Negative,1
lldq_youtube_review_277.txt,Neutral,2,Negative,1
lldq_youtube_review_263.txt,Positive,3
lldq_youtube_review_505.txt,Negative,1
lldq_youtube_review_288.txt,Positive,3,Neutral,2,Negative,1,Neutral,2
lldq_youtube_review_713.txt,Neutral,2
lldq_youtube_review_707.txt,Neutral,2,Neutral,2,Positive,3
lldq_youtube_review_934.txt,Neutral,2
lldq_youtube_review_920.txt,Negative,1,Negative,1,Positive,3,Negative,1,Neutral,2
lldq_youtube_review_908.txt,Verynegative,0
lldq_youtube_review_883.txt,Positive,3
lldq_youtube_review_897.txt,Negative,1
lldq_youtube_review_129.txt,Positive,3
lldq_youtube_review_101.txt,Positive,3
lldq_youtube_review_89.txt,Positive,3
lldq_youtube_review_667.txt,Neutral,2,Negative,1
lldq_youtube_review_673.txt,Neutral,2
lldq_youtube_review_115.txt,Neutral,2
lldq_youtube_review_76.txt,Negative,1
lldq_youtube_review_698.txt,Neutral,2,Neutral,2,Negative,1
lldq_youtube_review_840.txt,Negative,1,Positive,3
lldq_youtube_review_854.txt,Positive,3
lldq_youtube_review_62.txt,Neutral,2
lldq_youtube_review_868.txt,Positive,3,Negative,1,Negative,1,Verynegative,0,Negative,1
lldq_youtube_review_459.txt,Neutral,2
lldq_youtube_review_465.txt,Neutral,2
lldq_youtube_review_303.txt,Positive,3
lldq_youtube_review_317.txt,Neutral,2
lldq_youtube_review_471.txt,Negative,1,Neutral,2,Neutral,2,Neutral,2,Neutral,2,Verypositive,4,Negative,1
lldq_youtube_review_316.txt,Positive,3,Positive,3
lldq_youtube_review_470.txt,Neutral,2,Neutral,2
lldq_youtube_review_464.txt,Neutral,2
lldq_youtube_review_302.txt,Positive,3
lldq_youtube_review_458.txt,Negative,1
lldq_youtube_review_869.txt,Positive,3
lldq_youtube_review_855.txt,Positive,3,Neutral,2,Neutral,2
lldq_youtube_review_63.txt,Positive,3
lldq_youtube_review_77.txt,Negative,1
lldq_youtube_review_841.txt,Neutral,2
lldq_youtube_review_699.txt,Neutral,2,Neutral,2
lldq_youtube_review_672.txt,Negative,1
lldq_youtube_review_114.txt,Positive,3
lldq_youtube_review_88.txt,Negative,1,Negative,1,Neutral,2
lldq_youtube_review_100.txt,Positive,3
lldq_youtube_review_666.txt,Neutral,2
lldq_youtube_review_896.txt,Negative,1
lldq_youtube_review_128.txt,Negative,1
lldq_youtube_review_882.txt,Neutral,2,Neutral,2
lldq_youtube_review_909.txt,Verynegative,0,Positive,3
lldq_youtube_review_921.txt,Neutral,2
lldq_youtube_review_935.txt,Neutral,2
lldq_youtube_review_706.txt,Neutral,2,Negative,1,Neutral,2,Neutral,2
lldq_youtube_review_712.txt,Positive,3
lldq_youtube_review_289.txt,Negative,1
lldq_youtube_review_262.txt,Negative,1,Positive,3
lldq_youtube_review_504.txt,Negative,1
lldq_youtube_review_510.txt,Positive,3
lldq_youtube_review_276.txt,Negative,1,Negative,1
lldq_youtube_review_538.txt,Neutral,2,Negative,1
